SMILES sequence,Binding Affinity
Cc1ccc(C2CNCCN2C)cc1,-21.332197
CCOC(CO)c1ccccc1,-15.634253
CC(=O)Nc1cnn(C)n1,-23.453331
CCC(C)NCc1ncccn1,-20.192265
CC(C)=C1CC(N)C1,-20.870314
CN1CCCc2cc(CON)ccc21,-20.51937
CC12CNCC1CN(CC(N)=O)C2,-22.473104
CCNC(C)C(C)c1cnccc1C,-20.840645
CCN(Cc1ccccc1)C(C)CCCNC,-15.473127
CCC(=O)c1cc(C)ccn1,-17.73898
C=CC(O)c1cc(C)ccn1,-19.109743
C#CCCOc1cnccc1C,-16.47771
Cn1nc2ccccc2c1S(N)(=O)=O,-20.77378
Cn1cnn(CC(N)=O)c1=O,-23.294575
CC(NCCSc1ccccc1)c1ccncc1,-20.775045
Cc1ccsc1-c1ccc(O)nc1,-20.552834
N#Cc1ncccc1N1CC2CC1CN2,-23.532082
N#Cc1cnccc1SCC(N)=O,-23.50253
N#Cc1ccc(C2NCCCCC2=O)cn1,-22.167295
CC(C)C(C)Sc1ccc(C#N)cn1,-19.817905
Cc1ccnc(C=CCCN)c1,-23.2835
CCOC(CC)C(=O)c1cnccc1C,-16.393463
Cc1ccncc1C(O)CNCC(C)C,-21.580177
CS(=O)(=O)c1ncc(N)cn1,-20.573069
OCC(O)CCSCc1ccccc1,-19.157894
COC(=O)CNCc1cc(C)ccn1,-18.979918
CCOC(c1ccccc1)C(CC)NN,-17.473633
Cc1ccncc1C(=O)CCCN(C)C,-18.591133
C=CCCSCCNc1cc(C)ccn1,-18.868826
CCNC(=S)NNC(=O)Cc1ccccc1,-22.969418
OC(CCCc1ccccc1)c1cccnc1,-19.866884
CC(=O)CC(C)c1cnccc1C,-16.155935
CN1CCC(O)(c2ccoc2)CC1,-20.345284
Cc1ccnc(NC(=O)C#CCN)c1,-23.616325
N#Cc1cnccc1NCCCO,-21.926811
CCSCc1cncc(C#N)c1,-18.823135
NC1=CCOC1=O,-19.341259
CNC(CSC1CCCCC1)Cc1cccnc1,-20.959509
COC(=O)c1ccc(C(C)C=O)cc1,-14.869381
CC(=O)CC(O)c1cnccc1C,-19.46549
CCCNCc1ccccc1S(N)(=O)=O,-19.909773
N#Cc1nccnc1N1CCCOCC1,-22.23773
CCC(CC)Oc1ncccc1C#N,-15.93514
CC(C)(C)C(C)(N)c1ccccc1,-16.276985
CN(C)NCc1ccccc1,-19.71814
NC12CCCC1CNC2,-21.44495
C(=Cc1ccccc1)CNCc1cccnc1,-23.4591
CCNCCNc1ncccc1C#N,-23.230738
CC(C)OCc1ccc(C#N)cn1,-16.840939
NC1Cc2csnc2C1,-24.422743
Cc1ccsc1C1NCCCCC1O,-20.771584
N#CCCNCc1cncnc1,-22.21901
COC(=O)c1ccccc1C#CCO,-16.714626
N#CC1CN(CCN)C(=O)O1,-20.10354
CC(CCO)Nc1ccc(C#N)cn1,-22.312914
NC1CC2(CCNC2=O)C1,-24.486917
C#CC(CO)NCc1cnccc1C,-20.6922
CN1CCCc2cccc(OCC#N)c21,-17.346107
NNC(c1ccncc1)C1CCCCC1,-23.28818
C#CCCSc1ncccn1,-17.96879
Cc1ccncc1C(C)(N)C(C)C,-20.884724
NS(=O)(=O)c1ccc(SCCO)cc1,-20.437435
Cc1ccnc(CC(=O)C(=O)O)c1,-18.916542
CN1CC2CCN(CC(N)=O)C2C1,-23.225407
O=C=NCc1ccncn1,-20.961994
Cc1cscc1C1CC(O)CN1,-23.27664
O=C(CC1CCCCC1)NC1CCCNCC1,-22.279541
CC(O)Cc1cncnc1,-21.712868
CCC(CC)Oc1ccc(C#N)cn1,-16.688103
Cc1ccnc(NN=CC(C)C)c1,-20.3866
COC(CNCCCOCc1ccccc1)OC,-12.641795
N#Cc1ncccc1C1CCCCC1,-19.284843
NC1COC2COCC12,-18.402458
COC(=O)c1ccccc1C=CCCO,-17.730827
CCCC(C)Sc1ncccn1,-17.886173
CC(C)CC(=O)NCCCc1ccccc1,-15.43581
CCC(CC#N)Nc1ccc(C#N)cn1,-20.177975
CCCC(C)C(=O)c1cc(C)ccn1,-16.538588
CCOc1cncnc1,-19.058739
NCCCCC(O)c1ccccc1,-19.833115
N#CCNc1ccncc1C#N,-21.424286
N#Cc1cnccc1NCC=CCN,-27.069881
CCCOCC(NC)c1cc(C)ccn1,-18.230734
Nc1ccc(S(N)(=O)=O)cc1,-21.956242
c1cncc(OCCNC2CCCCC2)c1,-20.005733
CSCC(C)CNc1ncccc1C#N,-20.147663
CC(N)CNc1cncnc1,-26.887165
CC(C)(N)CNC(=O)Cc1ccccc1,-21.468164
NC(CO)c1ccncn1,-25.914658
CC(=O)OCSc1ncccn1,-18.478622
CN1CCCc2cccc(C=O)c21,-17.303139
CCNc1cc(NCC(C)(C)O)ccn1,-23.72891
CCC(CC)CC(=O)COCc1ccccc1,-12.263357
C=CCCC(=O)OCc1ccccc1,-13.24844
CN(CCCO)C(=O)Oc1ccccc1,-16.785166
CSCCC(=O)c1cncnc1,-19.340237
CC(C)CCCC(O)CCOCc1ccccc1,-13.789869
COc1ccncc1C#N,-17.10457
CNc1nc(N)ncc1N,-27.939318
c1ccc(CONCCNc2ccncc2)cc1,-21.876217
Cc1ccncc1C(=O)NCC=CCN,-26.251865
CSCCCCNCCOCc1ccccc1,-13.915232
CCCCC(Nc1ccccc1)C(N)=O,-22.26033
CC(C(=O)O)c1cncnc1,-20.697315
CCOC(=O)C#Cc1cc(C)ccn1,-17.465824
CCNc1sccc1C#N,-20.017242
NC1CCC12CCCO2,-20.101788
CCSc1ccc(C(=O)OC)cc1,-15.026658
CN(c1ccncc1C#N)C(C)(C)CO,-19.553022
Cc1ccncc1NC(=S)NC(C)C,-24.934454
O=C(CC1C=CCC1)Nc1cccnc1,-24.133394
CC(O)(CN)CCCCSc1ccccc1,-18.123888
CCC(CC)C(=O)c1cc(C)ccn1,-16.863337
CCC(C)NCCC(=O)NCc1ccccc1,-18.951506
CCOC(=O)CNc1cc(C)ccn1,-19.607395
CNC(CN)c1ccncn1,-26.093681
C#CCCC(N)c1cncnc1,-23.331926
NN=Cc1ccc(S(N)(=O)=O)cc1,-22.052095
CNCCSc1ccncn1,-21.805094
CN=C1SC(CC(N)=O)C(=O)N1C,-22.931463
C=CCCC(=O)Nc1ccc(C#N)cn1,-20.219799
CC(CO)CN(C)c1ccncc1C#N,-19.558445
CC(CN)Sc1ncccc1C#N,-22.985783
CCNc1cc(OC(C)CC)ccn1,-18.912012
CN(C)CCCCNc1ccc(C#N)cn1,-21.1928
CC(C)C(CN)Nc1ccc(C#N)cn1,-24.485493
Cc1ccnc(NC(=O)CCCCO)c1,-20.915627
CN(CCN)c1cncnc1,-24.138271
N#Cc1ncccc1C1CNCCOC1,-21.385529
CCNC(C)C(=O)Nc1cc(C)ccn1,-23.839622
CCNc1cccc(C(N)=S)n1,-28.336338
C#CCCCOc1ccnc(NCC)c1,-18.861456
Cc1ccncc1CNCCCCC#N,-19.32006
c1cc(CNC2CCCCC2)ccn1,-21.204794
Cc1ccncc1OCC(C)O,-19.253216
Cc1ccncc1NCC(C)C(C)C,-19.4646
C=CCC(=O)C(O)c1cnccc1C,-19.729942
C=CCC(=O)NCC(N)c1ccccc1,-22.156904
C=Cc1ccccc1S(N)(=O)=O,-18.400967
CCCNCCOCCN(C)Cc1ccccc1,-15.554258
C=CCc1cc(C)ccn1,-14.9815445
CC(Sc1ccncc1C#N)C(=O)O,-19.820372
Cc1ccncc1CNCC(C)C,-19.51128
CC(N)C(C)(O)c1cncnc1,-24.62302
C#CCCC(O)CNc1cc(C)ccn1,-22.241821
NC(CSc1ccccc1)Cc1ccncc1,-24.283123
CC(C)(N)c1ccncn1,-23.927265
NC1CCS(=O)(=O)C1,-20.517488
CCCCC(O)(CC)Cc1ccccc1,-13.691947
CCC=CCNc1ccncc1C#N,-22.966398
CCCCC(NC)c1cnccc1C,-18.756195
CCNC(=S)Nc1cncnc1,-26.995214
CC1CC2(CCC2)CN1CC(N)=O,-21.312918
Cc1ccncc1NC(=O)C=CCN,-26.45039
CN1CCCc2cccc(N)c21,-20.479382
CCNc1ncnc(O)c1N,-26.670675
CNC(=O)NCc1cncc(C#N)c1,-23.210957
CCNC1(C#N)CC2CNC(C2)C1,-19.880974
CC(CCO)Sc1ccncn1,-21.08563
CCN(CC)Cc1cc(C)ccn1,-17.213547
Cc1ccc(SCC2CNCCN2C)cc1,-20.964287
CCN(CCN)C(=O)COc1ccccc1,-19.459719
CC(C)C(N)CC(O)Cc1ccccc1,-20.428175
CC(ON)c1ccccc1S(N)(=O)=O,-20.491556
C#CCCCNc1ccncc1C#N,-19.943356
Cc1ccncc1OCCC(C)CCS,-18.29456
CC(C)=CCNCc1cncc(C#N)c1,-21.477846
CNCCC(C)CCc1ccccc1,-15.959305
CC(O)C(C)Sc1ccncn1,-23.199457
CN1c2ccccc2CCC1C(=O)O,-16.955553
Cc1ccncc1OCCCC(C)C,-15.323477
OC1CCN(CC2CCNCC2)CC1,-22.051794
O=C(CC1CCC1)Nc1cccnc1,-21.98182
NC(c1ccncc1)C1CCCCC1,-25.175581
COc1ncc(N)c(N)n1,-23.081491
CCCNc1cncc(N2CCCOCC2)c1,-22.420778
Cc1ccncc1C(=O)C(C)C(C)C,-16.308802
C=C(CNCC)c1ccccc1,-18.224953
CC(C)(C)CCC=C1CC(N)C1,-18.999884
CCNc1cccc(NCCSSC)n1,-22.95015
c1ccc(CCNc2cccnc2)cc1,-21.326784
COCCN(C)C(=O)NCc1ccccc1,-17.550478
CN(C)CCCSc1ccncc1C#N,-18.387169
CCC(C)C(N)c1cc(C)ccn1,-20.859276
NC(Cc1ccccn1)c1ccccc1,-22.899895
OCCSCc1ncccn1,-19.96296
CCC(C)C(C)=C1CCC(N)C1,-18.464388
N#Cc1ccc(NCCCC(N)=O)nc1,-25.216955
CCNc1ccnc(C#N)c1,-21.573187
N#Cc1ccc(C(=O)N=C=S)nc1,-20.773502
Cc1ccncc1C(C)(C)CCN,-20.573023
NCCNCc1cncnc1,-25.444654
CCC(CC(C)c1ccccc1)C(C)O,-14.432023
CC(C)(CSCc1ccccc1)C(=N)N,-21.425726
CSCCCSCC(O)c1ccccc1,-16.196552
COC(=O)c1ccc2c(c1)CCCN2C,-16.779907
N#Cc1cccnc1OCCCO,-17.856766
O=C(NCCO)c1ccncn1,-23.35242
N#Cc1cccc(C2NCCCCC2=O)n1,-21.755318
CN(C)Nc1ccncn1,-23.3334
CCCC(C)(N)c1ccncn1,-22.777756
CCCN(CCCN)c1cc(C)ccn1,-20.116798
OC(CNC1CCCCC1)c1cccnc1,-23.169521
Cc1ccccc1S(N)(=O)=O,-19.022202
NC1Cc2ccsc2C1=O,-20.863262
CN1CCC(N)c2ccccc21,-21.363985
CC(CCO)CCNC(=O)c1ccccc1,-17.551565
NC(Cc1cccnc1)CC1CCCCC1,-23.42378
NC1=NC(=O)NC1,-22.093014
CC1c2ccsc2CCN1S(N)(=O)=O,-19.514265
CC(C)(CON)c1cncnc1,-21.45353
NC(=O)Cc1ccncn1,-24.025524
CC(CN)SCc1cncc(C#N)c1,-23.190952
CCC(O)C(C(=O)O)c1ccccc1,-17.895489
Nc1ccon1,-20.614449
CCCNC(c1cnccc1C)C(C)(C)C,-18.289335
CC(C#N)CNC(C)Cc1ccccc1,-19.435051
CC=CCNc1ccncc1C#N,-21.928984
CCNC(CCOCC)c1cc(C)ccn1,-18.666574
CC(C)SC(C)(C=O)c1ccccc1,-13.105843
Cc1ccnc(NCCOC(C)C)c1,-18.819212
NC1=NC2(CO1)CSC2,-18.460373
OC1CCNC(Cc2ccsc2)C1,-23.155605
N#Cc1cc(N2CCCCCCC2)ccn1,-22.296618
CCNc1cccc(NC(C)COC)n1,-22.297726
CCCCC(=O)c1cnccc1C,-16.766376
CN(C)CCNc1ccncn1,-23.170279
N#Cc1cc(C2CCSC2)ccn1,-20.004406
Cc1ccncc1NCC(C)CC(C)C,-18.901728
CCNc1cccc(NCCCOC)n1,-21.535986
CC(C)(O)C=C1CC(N)C1,-21.979368
CCN(CC(C)O)c1ccncc1C#N,-19.956541
CC(C)(N)CCNc1ccc(C#N)cn1,-24.45375
OC1CCN(CCCc2cccs2)CC1,-18.99746
Nn1cncn1,-20.863174
CCC(N)CSc1ncccn1,-23.18382
NCCCCC(=O)Cc1ccccc1,-18.050293
CCC(CNc1cc(C)ccn1)N(C)C,-20.755535
CCC(O)CCNc1ccc(C#N)cn1,-22.41486
CC(C)(C)C(C#N)CNc1ccccc1,-17.917637
CC(C)(N)CCOc1ncccc1C#N,-20.179445
CCC(C)C=C1CCCC(N)C1,-20.814486
C#CCCNc1ccncc1C#N,-20.474293
NCCCCNc1ccncn1,-24.71473
C#CCSCc1ncccn1,-18.668865
CC(N)C(C(=O)O)c1ccccc1,-21.612385
Nc1cnsc1,-21.881723
Cc1ccncc1CNCCC(C)(C)O,-19.578064
CCC(O)c1cnccc1C,-19.386982
C=CC(=O)NCc1cnccc1C,-20.724852
COC(=O)C(C#N)=Cc1cnccc1C,-19.46614
C=C(C)CNc1ccccc1C(=O)OC,-17.13549
COCCC(C)C(O)c1cnccc1C,-16.371681
CCCC(N)C(=O)N(C)c1ccccc1,-20.104544
NS(=O)(=O)c1ccccc1C=CCO,-21.424604
Cc1ccncc1C(N)CCC(C)C,-20.984612
C=CC=CCCc1cncnc1,-20.887817
C=C(C)CCOc1ccnc(NCC)c1,-19.243885
CC(=O)Nc1ccc(C)nn1,-22.384928
CCNc1cccc(CSCC(=O)OC)n1,-20.960154
CN=C(NC)SCc1cncc(C#N)c1,-21.720554
CCOC(=O)c1cc(C)ccn1,-17.116665
CS(=O)(=O)c1ccc(C#N)cn1,-18.05508
NC1CCn2nncc21,-24.169014
NS(=O)(=O)c1ccc(CCS)cc1,-21.703909
CCC(CC)C(C)Nc1cc(C)ccn1,-19.428738
Cc1ccncc1C(=O)C(N)CC(C)C,-21.723452
N#CCc1cncnc1,-19.646938
CC(C)(CO)SCc1cncc(C#N)c1,-20.519024
CCC(OC)C(NN)c1cnccc1C,-19.276447
CCc1cnccc1C,-17.270897
COC(=O)c1ccccc1C(O)C(C)C,-15.121392
CCCONC(N)=NCc1ccccc1,-19.152374
CCCCCC(N)CSc1ccccc1,-18.775894
C#CCNC(=O)NCCSCc1ccccc1,-18.73032
CC(O)(CCN)CSCc1ccccc1,-18.631237
CCNC1(C#N)CCC2CC21,-17.593512
COC(OC)C(C)NCc1cnccc1C,-19.214977
CCC(N)CC=Cc1ccccc1,-21.349846
C=CC(CO)Nc1ncccc1C#N,-22.106325
CCc1ncc(N)c(C)n1,-20.756512
COCCSCc1ncccn1,-16.666536
OC1CCN(Cc2cscn2)CC1,-21.885609
CCOC(=O)NCC=Cc1ccccc1,-18.691525
CC(C)(C)c1ccncc1C#N,-17.440943
CC(=O)Nc1cnc(C)s1,-19.965725
COCCCNc1ccc(C#N)cn1,-18.834644
CC(=O)NC1(C)CC=CCC1,-15.380629
CSCc1ccccc1,-15.689854
NN=C(N)c1ccncn1,-26.309246
C=CC(NCC)c1cnccc1C,-20.70281
CC(N)(CC#N)c1cncnc1,-24.320084
CCC(C)OCC(=O)Nc1cnccc1C,-18.97496
CNc1ncccc1C#N,-21.462677
Nc1ncc2n1CCC2,-21.598742
Cc1ccc(CC(N)=O)s1,-20.408419
CN1CCCc2c(CN=C=O)cccc21,-19.182285
C=C(C)CCCNc1ncccc1C#N,-19.78353
CC(CCO)SC(CC#N)c1ccccc1,-17.429638
CCNC(CC(C)CC)c1ccccc1,-16.120243
CCNc1cccc(COC(C)CC)n1,-18.953957
COCCCC(NN)c1cnccc1C,-19.198767
CN1CCC(O)(c2ccco2)CC1,-18.115637
CCCC(C)=C1CCCCC1N,-19.486221
CCNc1cncc(N2CCCOCC2)c1,-23.841675
CCC(=O)c1cnccc1C,-17.626486
N#CC(NCc1ccncc1)C1CCCCC1,-22.101307
CCCNc1cccc(S(N)(=O)=O)c1,-20.622461
CCCC(C)=C1CCCC1N,-19.20793
CCNC(N)=NCCSc1ccccc1,-22.23573
COC(=O)c1ccc(CC(O)CN)cc1,-20.980963
N#Cc1ccccc1N1CCOCC1,-18.500834
NC1CCCNCC1,-23.147802
COCCC(C)(C#N)c1ccccc1,-14.053179
C=CCC(C)Nc1ccc(C#N)cn1,-20.23989
CSCCC(C)Nc1ccncc1C#N,-20.10111
CC(=O)NC1(C)CCCCCC1,-16.52196
NC1CSCCC12CC2,-21.034603
CCCN(CC)C(CN)c1cnccc1C,-19.656616
CC(C(NN)c1ccccc1)N(C)C,-20.132225
CC(CO)c1cccc2c1N(C)CCC2,-18.308254
C#CCCCC(=O)COCc1ccccc1,-13.221245
N#Cc1ncccc1C1NCCNC1=O,-25.979816
CCC(N)CCC(=O)c1cnccc1C,-22.055634
Cc1ccncc1OCC(C)(C)CO,-16.623045
COC(C)CCNc1cc(C)ccn1,-17.99147
NC1=CCNN1,-21.329994
CCN(CCC(=O)O)c1ncccc1C#N,-18.47923
OC1(Cc2ccsc2)CCCC1,-19.428583
NC1C2C=CSC12,-21.03601
C#CC(C)OCc1cncc(C#N)c1,-17.298407
C#CC(C)=Cc1ccccc1,-15.95916
COCCCC(C)Nc1cnccc1C,-17.926588
O=CCc1ncccn1,-16.568943
CC(CN)CNC(C)c1ccccc1,-20.6522
CCOC(C)CNc1ccc(C#N)cn1,-20.027006
CCCCC(C)C=C1CC(N)C1,-19.950275
CCOc1ncc(N)c(N)n1,-23.409325
CC#CCSc1ccc(C#N)cn1,-19.314306
CCNC(C)CNCCCOCc1ccccc1,-17.948341
CC(=O)Nc1nc(C)cs1,-21.573107
CCCCNCC(OC)c1ccccc1,-13.946302
CC(C)CC=C1COCC1N,-18.22696
O=C(O)C#CCCOc1ccccc1,-15.984325
C=C(C(=O)O)c1cnccc1C,-18.180199
CCCC(C)CC(=O)c1cnccc1C,-15.693904
CC(CC#N)c1cccc2c1CCCN2C,-16.052786
CC(=O)NC1CCCC(C)C1,-18.211205
Cc1ccnc(NC(=O)CC(C)N)c1,-24.432287
NC12C3C4C5C3C1C5C42,-20.99549
CNC(C(N)=O)c1cncnc1,-26.599468
CCCC(NC)C(C)(O)c1ccccc1,-18.584301
Cc1ccncc1C(=O)NC(CN)CN,-28.282291
Cc1cccnc1CC(N)=O,-22.593084
CN1CCC(O)(C2=COCCC2)CC1,-19.720936
CC(Cc1ccccc1)NC(CO)C(C)C,-19.03292
NCCCNc1ccncn1,-25.245667
CC#CCCNC(=O)C#Cc1ccccc1,-18.462765
CCN(C)C(=O)c1ncccn1,-20.276747
CCNC(c1ccncc1)C1CCCCC1,-21.948395
S=C(NCc1ccccn1)Nc1ccccc1,-25.540367
CC=CC(N)c1ncccn1,-22.99102
CCCC(NN)c1cncnc1,-22.518053
CCC(C)(CO)CNc1cnccc1C,-22.031742
CCCCCC(COCc1ccccc1)NN,-15.8722515
C=CCNCc1cc(C)ccn1,-19.794857
CCC(C)C(=O)c1cncnc1,-18.69101
CC(C)NCCCC(C)c1ccccc1,-15.411137
CNC(CCOC(C)C)c1cc(C)ccn1,-18.495747
C=C(C)CCCNc1cc(C)ccn1,-19.314518
CC(=O)Nc1nc(C)co1,-19.808598
COC(=O)CC(=O)NCc1ccccc1,-17.155344
COC(=O)c1ccc(CON)cc1,-17.814743
NCCCCNc1ncccn1,-23.648449
CNCc1ccccc1S(N)(=O)=O,-21.431831
Cc1ccncc1NCC(C)N,-25.164677
CCNCCCc1cncnc1,-21.233759
CNC(=O)CNc1ncccn1,-23.636261
C#CCNCc1ncccn1,-19.986698
CCS(=O)(=O)CCCNc1ccccc1,-17.860245
CCNc1cc(OC)ccn1,-19.664537
Cc1ccnc(NCCOCCCO)c1,-19.675463
Cc1ccnc(NC(=O)C(=O)O)c1,-21.999794
C=CCC=C1CC(N)C12CCC2,-20.35292
Cc1ccc(CNCC2CNCCN2C)cc1,-23.052341
CC(N)C(=O)c1cncnc1,-24.069775
COC(=O)c1ccccc1CNCCC(C)C,-15.483361
N#Cc1ccc(N2CC3CCC2C3)cn1,-22.32682
OCC(Nc1ccccc1)c1cccnc1,-23.21087
COC(=O)c1ccccc1C(C)SC,-15.6498375
CCOCC(=O)Nc1ccc(C#N)cn1,-20.125965
Nn1cc2sccc2n1,-20.523773
NC12C=CC(CC1)C2,-21.257864
Cc1ccncc1NC(=O)C(C)CS,-22.807709
CCCCC(N)c1cncnc1,-22.552357
NC(=O)CNc1ncccn1,-26.080112
CCN(CC)CCC(=O)c1cnccc1C,-17.281828
CC(C)CC(=O)c1ncccn1,-17.715578
c1cncc(CNCCCOC2CCCCC2)c1,-19.410975
CCCN(C)c1ncccc1C#N,-17.25088
Cc1ccncc1OCCC(C)(C)O,-16.630644
N#Cc1ccccc1NN1CCOCC1,-20.033293
CN1c2ccccc2CCC1CC(=O)O,-17.93834
C#CCCC(O)Cc1ccccc1,-16.855118
CCNC1(C#N)CCCCCCC1,-18.193878
C#CCCNc1ncccc1C#N,-20.462967
CN(CCS)Cc1ncccn1,-22.433083
CCN(CCO)C(=O)NCc1ccccc1,-19.979107
CCC(CN)CN(CC)Cc1ccccc1,-18.496206
C=C(COCC)C(O)c1cnccc1C,-19.376583
O=C(O)CCNc1ncccn1,-22.439266
NCCC(c1ccccc1)c1cccnc1,-21.628014
N#Cc1ncccc1N1CC=CCC1,-20.604881
CC(C)CCCNc1ccncc1C#N,-19.320057
Nc1noc2c1CCO2,-19.3093
C=CCSCCC(N)c1ccccc1,-18.881998
N#Cc1ccc(-n2nccn2)cn1,-24.194437
C#CCC(C)(C)Nc1ccncc1C#N,-20.173641
Cc1ccncc1CSC(C)(C)C,-17.51833
Cc1ccccc1CCC1CNCCN1C,-20.935251
CNC(=N)NC(CO)c1ccccc1,-24.142448
CCC(C)(C)COc1cnccc1C,-14.888992
CC(C)(C)C(C)(N)Cc1ccccc1,-15.755121
CNCC(Sc1ccccn1)c1ccccc1,-21.944891
CN1CCCc2ccc(C(O)C#N)cc21,-19.711065
CC(=O)Nc1ncc(C)cn1,-22.181128
COCC(N)Cc1ncccn1,-21.827269
CON(C)c1ccncc1C#N,-19.05206
C=CCSCc1cccnc1NCC,-20.819647
CNCC(C)Oc1ccc(C#N)cn1,-20.057304
NC1=NCCCO1,-19.55438
CN1CCC(Oc2cccnc2)CC1,-19.97107
CC(=CCN)c1ncccn1,-22.937637
C=C(CC)CNc1ncccn1,-20.577286
N#Cc1ccc(C2NCCNC2=O)cn1,-27.014029
CCC(C)(C)CNCc1cnccc1C,-18.602798
COCCSc1ncc(N)cn1,-19.775549
CC(NS(C)(=O)=O)C1CCC1,-17.286406
CCCC(C)(N)c1cnccc1C,-21.078793
Cc1ccncc1CN(C)C(N)=O,-23.584614
COC(=O)C(C)CSCOCc1ccccc1,-12.557092
C#CC(C)(C)Oc1cccc(NCC)n1,-18.380733
CCNc1nnccc1C#N,-23.370869
N#Cc1ccc(NCCN2CCOCC2)cc1,-21.172161
CCOC(=O)CC(C)c1cc(C)ccn1,-15.247387
NS(=O)(=O)c1ccc(OCCO)cc1,-19.626362
O=C1CCCC1CN1CCC(O)CC1,-19.291142
CC(=O)NC1CCSC(C)C1,-17.63648
Cc1ccsc1C1(O)CC2OCCC21,-17.678532
CCNc1cccc(N(C)CCCOC)n1,-19.359255
O=C1CCCCCC1CN1CCC(O)CC1,-19.847727
NCC(S)c1cncnc1,-28.096184
CC(N)C(C)Nc1cncnc1,-27.781498
C#CCCC(C(=O)O)c1ccccc1,-16.055607
CCCCNC(O)COc1ccccc1,-18.009588
C#CCC(O)CNc1ccc(C#N)cn1,-22.531467
CC(O)C(C)c1cncnc1,-20.837105
Cc1ccncc1C(=O)C(O)CCN,-22.647047
CC12CCCCC1CN2S(N)(=O)=O,-15.91354
O=C(CCCO)c1cncnc1,-20.81685
C=CCCC(=O)c1ccncn1,-18.799799
Cc1ccnc(NCC(C)N(C)C)c1,-21.215256
CC(C)CN(C)c1ccncc1C#N,-18.06931
C=CC(=O)NCCCCNOCc1ccccc1,-17.18804
CCC(C)C(O)c1cncnc1,-19.606562
CNCCCCNc1ccccc1C(=O)OC,-18.608164
Cc1ccncc1C#CCNC(=O)CN,-24.649225
COCCNC(c1ccccc1)c1ccccn1,-18.505074
Cc1ccnc(C(O)C(=O)O)c1,-21.252531
CN1CCCc2ccc(C(N)C#N)cc21,-22.22597
O=C=NCC=Cc1ccccc1,-18.928759
COCCN(C)c1ccncc1C#N,-16.804653
Cc1ccncc1C(C)CCN,-20.061974
N#Cc1ccc(N2CCCNCC2)cn1,-24.474314
O=C(CCC1CCCCC1)Nc1ccccn1,-22.243015
COC(=O)c1ccc(CCCS)cc1,-17.09112
Cc1ccncc1C=C(N)C(=O)O,-25.543055
NC1=NC(=O)OC12CSC2,-19.142662
NCC(N)c1cncnc1,-28.154926
COC(c1cnccc1C)C(C)(C)O,-16.945719
CN1CCCc2cccc(CCC=O)c21,-17.367844
Nc1nc2n(n1)C(=O)CS2,-21.118624
CN1CC(=O)NC(=O)C1CC(N)=O,-26.698408
CCCC(NCC)c1cnccc1C,-19.454248
C#CC(O)CCOCc1ccccc1,-15.403103
C#CCN(CC=O)Cc1ccccc1,-15.094554
CCC(CSC)Nc1ncccc1C#N,-20.081774
CCC(N)c1ncccn1,-22.530394
OCC(O)c1ncccn1,-22.485497
CCON(CC)C(=N)c1ccccc1,-15.206152
N#CC(C#N)c1cncnc1,-20.912586
O=C(COc1ccccc1)N1CCNCC1,-20.912199
NN1C(=O)C=CC1=O,-22.913168
CC(N)C1CCN(C#N)C1,-20.801395
N#Cc1ccccc1C1CNCCO1,-18.89886
CCNCCNc1ccncc1C#N,-23.242062
COC(=O)CCNC(=O)Nc1ccccc1,-18.920956
COCCc1cc(C)ccn1,-15.637792
CCNC(=O)NCc1cc(C)ccn1,-22.482273
Oc1nnc(Cc2ccsc2)o1,-23.248154
O=C(NCCc1ccncc1)C1CCCCC1,-21.096691
N#Cc1cc(-c2nnco2)ccn1,-23.239868
CCC(CC(=O)O)Nc1ncccc1C#N,-21.41451
CSCCSC(C)c1ccccc1,-14.948124
COCC(CO)Nc1ccc(C#N)cn1,-21.256968
OCc1ccncc1N1CCCOCC1,-21.643139
CCCSCCNc1ccc(C#N)cn1,-19.763618
CSCC(=O)c1cnccc1C,-18.613052
CCc1ccccc1S(N)(=O)=O,-18.00417
CC(CO)Nc1ncccn1,-22.750618
CC(=O)NC1CCC(=O)N(C)C1=O,-17.751534
OC1CCN(CC2CCC=CCC2)CC1,-19.519247
NCC(O)(c1ccncc1)C1CCCCC1,-25.0461
N#Cc1cccnc1N,-20.84037
COC(=O)c1ccccc1,-14.772434
CC(CN)C(=O)N(C)Cc1ccccc1,-20.20933
CN(c1ncccc1C#N)C(CO)CO,-22.081247
C=C(C)CCNC(C)c1cnccc1C,-19.153793
CCNc1cc(C(=N)N)ccn1,-26.746063
COC(C)C(C)NCc1cc(C)ccn1,-18.822754
CNCCNC(=O)Nc1ccccc1,-22.508902
CCOC(=O)CCNC(=O)c1ccccc1,-16.404648
CCCCN(C)c1ccncc1C#N,-17.338045
CCOCc1ncc(N)c(O)n1,-21.388037
OC1CCN(c2cccs2)CC1,-19.102814
C#Cc1ccc(NCC)nc1,-21.355732
NC(=O)c1ccccc1,-20.78221
CCCNC(=O)c1cccc(NCC)n1,-22.906063
CC(=O)Nc1cnoc1C,-19.70472
CC(C)(N)CNc1ccncn1,-26.169634
CC(C)OCC(N)(CO)c1ccccc1,-18.246716
CNCC(=Cc1cnccc1C)C(C)C,-22.24869
CC=CCNc1ncccc1C#N,-21.91766
CCNCc1ccc(NCC)nc1,-23.532124
N#Cc1nc(N)ncc1N,-24.896875
C#CCONCc1ccncn1,-19.453411
CC(CO)Nc1ncc(N)cn1,-25.870342
CC(C)N(C#N)Cc1ccccc1,-15.819881
NCCNc1ncccn1,-24.710327
CC(=O)Nc1ccoc1C,-17.328588
CSSCCNC(C)c1cnccc1C,-18.87256
NC1=NC(=O)NC12CNC2,-22.863081
CN(CC=O)c1ncccn1,-19.062939
N#Cc1ccc(-c2ccccc2)cn1,-20.292664
CCN(CCC#N)C(=O)Nc1ccccc1,-19.4368
COc1ncnc(S)c1N,-22.49549
CC(C)C(c1ccccc1)C(C)N,-18.156876
CN(Cc1ccccc1)c1ccccn1,-19.437935
Cc1ccsc1C1(O)CCCCC1=O,-18.366283
Cc1cn(CC(N)=O)ccc1=O,-22.231297
CCCNC(=O)Nc1ccc(C#N)cn1,-22.428377
O=C(O)C1CCCN(Cc2ccsc2)C1,-20.344439
NC1CC(=O)C1,-20.54012
C=C(C)CNC(C)COc1ccccc1,-16.76884
CNC(=O)CNc1cc(C)ccn1,-23.102339
N#Cc1ccc(C2COCCN2)cc1,-20.637075
CC(C)CC(N)c1ncccn1,-22.111189
N#Cc1cnccc1NCC(=O)O,-22.868572
CCOCc1ncc(N)cn1,-20.057247
Cc1ccnc(CNC(=S)NN)c1,-26.200226
O=C(CCNCCO)c1ccccc1,-18.742733
NC(Cc1cccnc1)c1ccccc1,-23.336983
CCCCCCN(CCN)Cc1ccccc1,-17.056908
CCOC(=O)C(N)c1cc(C)ccn1,-19.998482
CC(C)CNc1ncc(N)cn1,-23.733746
CCCC(C#N)C(=O)Nc1ccccc1,-17.844437
C=C(C)CC(NCC)c1cc(C)ccn1,-19.79169
CCC(C)(CNc1cc(C)ccn1)OC,-18.627348
C=CCOc1ncccc1C#N,-16.438124
C=CC(C)Nc1ncccn1,-20.97531
CCCC(N)CC(C)c1ccccc1,-17.868137
C=CCC(N)C(=O)c1cnccc1C,-21.85519
N#Cc1cc(CCN)no1,-20.919798
CCNc1cccc(CN(C)CC)n1,-21.690344
Cc1ccnc(OCCN)c1,-20.655064
CC(=O)c1ccc2c(c1)CCCN2C,-18.168436
NNCc1ccc(S(N)(=O)=O)cc1,-23.867762
COC(=O)c1ccc(C(N)CSC)cc1,-19.115461
N#Cc1cc(CCN)on1,-21.019604
CCON(C)C(CC#N)c1ccccc1,-13.269947
c1cc(CC2CCCCC2)ccn1,-19.324192
NNC(COCc1ccccc1)c1cccnc1,-21.440619
C=C(CC)CC(N)c1cnccc1C,-21.277016
CC(N)C(O)Cc1ccncn1,-25.492989
CC(O)(C(=N)N)c1cncnc1,-27.218456
NN1C(=O)CSCC1=O,-17.229223
CC(C)(C#N)CNc1ncccc1C#N,-22.49168
CCC(CC)COc1ccncc1C#N,-15.820908
NCC(OCc1ccccc1)c1ccncc1,-21.342167
NCCNC(=O)c1ccncn1,-25.55141
O=C(NCCc1ccncc1)Nc1nncs1,-26.53308
NCCNCCCOCc1ccccc1,-18.652706
NCCN(Cc1cccnc1)C1CCCCC1,-23.301365
CC(C)(CO)Cc1ncccn1,-18.398403
CC(=O)Nc1nc(C)ns1,-22.520485
O=C(NCc1ccncc1)NC1CCCCC1,-23.34116
CN(CCNC1CCCCC1)Cc1cccnc1,-21.725939
CC(C)(C)NCC(=O)Cc1ccccc1,-17.452475
N#CCc1cc(CN2CCCCC2)cs1,-19.20244
CCCNC(C(=O)O)c1cnccc1C,-20.38688
N#Cc1ccc(CCN)cc1,-20.061836
N#Cc1cncc(C#CCCCN)c1,-22.612207
CCC(c1ccccc1)S(N)(=O)=O,-17.485191
CC(C)SCCNc1ccc(C#N)cn1,-20.176899
N#CC(NC1CCCCC1)c1ccncc1,-22.351574
CC(CO)SCc1cncc(C#N)c1,-20.939789
NN1C(=O)C2CCCC2C1=O,-19.644472
Cc1ccsc1C1(O)CCCNC1,-20.555874
CC(CO)Sc1ncc(N)cn1,-23.826359
CNC(CSc1ccccn1)c1ccccc1,-21.397968
CCOC(CN)CCN(C)Cc1ccccc1,-19.253792
CC(CCC(N)=S)OCc1ccccc1,-21.255787
CCC(NC(=O)c1ccccc1)C(C)C,-16.696306
CC(Cc1ccccn1)NCc1ccccc1,-20.831043
CN1CCCN(CC(N)=O)S1(=O)=O,-22.258492
CCCCC(O)c1cncnc1,-20.133526
N#Cc1ccccc1N1CCCOCC1,-18.779125
Cc1cscc1C1(O)CCNC1,-21.470234
CC#CCNCC(C)Oc1ccccc1,-16.482452
Cc1cscc1-c1nccc(O)n1,-23.36176
Cc1ccnc(N(C)CC(N)=O)c1,-23.601778
CCCCCSCc1cncc(C#N)c1,-16.85809
COCC(=O)c1ccncn1,-18.564034
CCNCCN(C)CCCOCc1ccccc1,-16.297655
COCCNC(=N)c1cnccc1C,-19.672064
CCC(=O)NCc1ncccn1,-20.169632
Cc1ccncc1CNCC(C)N(C)C,-20.646427
N#CNC(=O)c1cncnc1,-23.033623
CCC(C)CNCCN(C)Cc1ccccc1,-16.775259
CC(N)Cc1ccccc1S(N)(=O)=O,-22.749111
CC#CCCC(NC)c1cnccc1C,-20.140152
CNC(=O)Nc1ccccc1C(=O)OC,-19.733967
CC(=O)NCC(=O)Nc1cnccc1C,-23.366585
COC(=O)c1ccccc1OCC(C)O,-15.93474
CCC(O)(CC)C(=O)c1cnccc1C,-17.653845
Nc1cncnc1NCC(=O)O,-26.852503
CSc1ncnc(S)c1N,-24.59484
Cc1ccncc1C(=O)OCC#N,-17.41569
CCC(CC)=C1CCC(N)C1,-17.628586
Cc1ccnc(NCCCC(N)=O)c1,-24.532368
CC(=O)NC1(C)CC=CC1,-14.758157
NC1CCCC1,-20.299234
COC(=O)CNCc1cncc(C#N)c1,-19.946468
Cc1ccnc(CNCCSC(C)C)c1,-18.714396
CCOCCNc1ccncn1,-20.423119
C=CCCCC(O)CCNCc1ccccc1,-17.610298
NCCC(c1ccccc1)c1ccccn1,-21.647802
CC(Sc1ncccn1)C(=O)O,-20.44718
CC(C)CNC(=O)c1ncccc1C#N,-19.913345
Nc1nsc2ncsc12,-24.82814
NC(c1ccsc1)C1(O)CCNCC1,-24.60683
O=C(NCCc1ccncc1)NC1CCOC1,-21.750286
CCCNC(=N)c1ncccn1,-21.426739
CNC(C)C(=O)OCc1ccccc1,-17.098883
CCNc1cc(CSC(C)CC)ccn1,-20.57911
CC(=O)Nc1ccnc(C)c1,-20.632597
CCNc1cccc(C(=N)N)n1,-27.492456
CC(CN)Cc1cccc2c1N(C)CCC2,-20.654078
Cc1ccncc1CN(C)C(C)CN,-22.729557
CN1c2ccccc2CCC1CN,-20.18362
CN(C)CCNc1ncccc1C#N,-22.03909
Nc1onc2c1COC2,-19.546425
N#Cc1ccc(NCC=CC(=O)O)nc1,-25.058628
N#Cc1ccc(C2CNCCOC2)cn1,-22.419739
C=C(C)CC=C1CC(N)C1,-21.423801
COC(CCCN)c1ccccc1,-16.072426
N#Cc1ccc(N2CCC3CC32)cn1,-21.848074
CC(C)(C)CNCc1ccc(C#N)cn1,-19.212318
N#Cc1ccccc1CN1CCOCC1,-18.162281
CON(C)c1ncc(N)cn1,-22.753305
CN1CCCc2cc(C=CCN)ccc21,-23.041542
CCNC(Cc1cccnc1)C1CCCCC1,-21.26828
CNC(=O)CC(C)Nc1cnccc1C,-22.498566
CCC(C)NC(=O)N(C)c1ccccc1,-18.506546
O=C(NCCN1CCC1)NC1CCCCC1,-21.685375
CC(=O)Nc1nnnn1C,-21.855873
OC1CNC(Cc2ccsc2)C1,-23.05053
CC(=O)Nc1cscc1C,-20.630415
CCOC(=O)CC(C)(C)c1ccccc1,-13.240921
CN1CCC(CCCN)c2ccccc21,-21.315094
COC(=O)c1ccccc1C(CO)OC,-14.150817
CCNc1cccc(SCCOC)n1,-19.408928
CN1CCN(CC(N)=O)CCC1=O,-21.849974
CCNc1ncccc1CSCC(C)C,-20.484762
CC(Nc1ccccn1)C1CCCCC1,-20.97581
C#CC(CC)NCc1cnccc1C,-18.318268
O=C(COc1ccncc1)Nc1ccccc1,-21.398178
CC(CN)Cc1cncnc1,-22.634262
CC(C(=O)O)c1ccncc1C#N,-19.32801
NC1CC(=O)NC1=O,-24.65643
Cc1ccncc1NC(=O)C=CC(=O)O,-24.234879
COCCCCNCc1cnccc1C,-17.050293
OC(CNCc1ccccc1)Cc1ccccn1,-23.078041
NC1Cn2ccnc2C1=O,-23.00557
CCN(CC(C)C)c1ncccc1C#N,-16.519527
C=C(CC)CC(=O)c1cc(C)ccn1,-17.942087
CN1CCCc2ccc(C(N)=O)cc21,-22.789686
CCC(C)(CC)C(NN)c1ccccc1,-18.079681
CCC(C)(C)NC(=O)c1ccccc1,-17.448057
CSCC(C)C(O)c1cnccc1C,-18.365889
CCSc1cccc(S(N)(=O)=O)c1,-18.953396
NC1CCC(=O)OC1=O,-20.13618
Cc1ccncc1OCCCC(=O)NN,-20.545662
CCOC(=O)Nc1ccc(C#N)cn1,-20.170525
CNCc1ccc(S(N)(=O)=O)cc1,-21.719791
N#Cc1cccnc1NC(CN)CN,-28.848621
c1ccc(OCCNCc2ccncc2)cc1,-20.199875
CC(CCN)NC(C)c1ccccc1,-21.223183
Cc1ccncc1CNC(C)CC(C)O,-22.023598
CCNC1(C#N)CSC1,-15.604431
NS(=O)(=O)c1ccccc1SCCO,-19.703997
Cc1ccnc(C(C)NC(C)(C)C)c1,-19.082287
CCNc1cccc(N(CC)OC)n1,-20.504652
COC(C)C(=O)Nc1cnccc1C,-18.619286
CCOCCNC(=O)CCNCc1ccccc1,-17.581713
N#Cc1cc(N2CCCO2)ccn1,-19.508875
CCC(C#N)Sc1ncccn1,-19.471243
N#Cc1ccc(C(=O)NCCON)nc1,-23.788544
CCC(C)NCc1ccccc1,-17.260412
CCON(CC)c1ncccc1C#N,-16.148293
C=C(C#N)C(=O)OCc1ccccc1,-14.969934
CCOC(C)C(=O)Nc1cc(C)ccn1,-19.135172
N#Cc1cnccc1OCC(N)CO,-24.29594
CC(C#N)=Cc1cc(C)ccn1,-19.752768
CCNc1cc(SCC(N)=O)ccn1,-26.364006
Cc1ccncc1CN(C)CCO,-20.325335
COCCOc1ccccc1C(=O)OC,-11.846273
NNCc1ncccn1,-23.414902
C#CCc1ccncn1,-18.244164
CC(C)=CCOc1ncccc1C#N,-17.154564
CC(CN)(CO)c1ncccn1,-23.651863
CCNc1cccc(CN)n1,-24.876694
CCN(CCN)CC(C)c1ccccc1,-17.72468
Cc1ccncc1C(C)(CN)CO,-23.576498
C=CCNCCNc1ccccc1,-19.815825
CCCC(C)CC(NC)c1cc(C)ccn1,-18.117859
Cc1ccncc1OCCON,-19.812899
CC(CO)N(C)c1ccc(C#N)cn1,-21.16934
CC1NCCCC1CC(N)=O,-22.505451
CCCCSc1ncc(N)cn1,-20.308945
CCCC(O)(CCC)c1cnccc1C,-16.806967
CSCCC=C1CC(N)C1,-20.46438
CC(C)c1ncncc1N,-21.709747
CCC(C)(CO)Nc1ccncc1C#N,-21.97691
CN1CC(=O)N(CC(N)=O)CC1=O,-20.32127
C=CCCCOc1ccnc(NCC)c1,-18.402622
NN1C(=O)C2CC2C1=O,-19.832949
C=CCC(C)Nc1ccncn1,-21.155495
C=CCC(C)C(O)c1cc(C)ccn1,-17.729801
CC(C)(C)C=C1CCC(N)C1,-19.783106
CN(CCCN)c1ccncc1C#N,-21.769127
CC(=O)C(C)(O)c1ccncn1,-20.679184
CCCC(=O)N(C)CCOCc1ccccc1,-14.42556
CON(C)c1ccc(C#N)cn1,-19.436256
CSCC(C)Nc1ccncn1,-21.926308
CCN(O)C(=O)c1ccc(C#N)cn1,-21.456713
CC(N)c1cnc(C#N)s1,-21.65169
CN1CCCc2cccc(CC=O)c21,-15.857464
O=C(NCCO)c1ncccn1,-22.330078
CC(CCN(C)C)Nc1ncccc1C#N,-21.69
CCCNCc1cncc(C#N)c1,-19.933962
N#CCCSc1ccc(C#N)cn1,-18.977354
CCC(CC)(CO)Nc1cc(C)ccn1,-21.89482
CSC(C)CCNc1ccncc1C#N,-21.526913
CN1CCCc2c(OCCCN)cccc21,-19.74062
OC(CC1CCCCC1)c1ccncc1,-20.498941
CCCC(NC)C(=O)c1ccccc1,-18.128592
C=CC=CCCC(=O)c1cc(C)ccn1,-19.549335
OCC(CO)(CO)COc1ccccc1,-17.684189
COC(=O)CNC(=O)c1cnccc1C,-19.420147
COC(CNc1ccc(C#N)cn1)OC,-18.850082
C=C(CS)COc1cnccc1C,-20.915482
CC(C)(O)CSc1ccncn1,-19.808815
N#Cc1cn(CCN)nn1,-22.349854
CCNc1cccc(NC(C)C(N)=O)n1,-29.072054
C=CC(CO)Nc1ncccn1,-22.171232
COC(=O)c1cccc(C(OC)OC)c1,-11.712183
OC1(Cc2ccsc2)CCN2CCCC21,-21.156996
OC(CCOc1ccccc1)c1cccnc1,-19.85965
C=CCNOCCOc1ccccc1,-15.014986
CCNc1cc(SCCN(C)C)ccn1,-21.779587
CC(C)(C)CC(CN)Nc1ccccc1,-20.127575
CCC(Cc1cnccc1C)C(=O)O,-18.587934
NC1CCC2CCC12,-19.66238
CCCN(CCC(N)CC)Cc1ccccc1,-18.97696
c1cc(CNCC2CCCCC2)ccn1,-21.3619
CC(Cc1ncccn1)C(=O)O,-19.278091
N#Cc1ccc(NC(=O)CCCN)nc1,-24.330143
CCN(CC)CCCNc1cc(C)ccn1,-19.198912
C=CC(NN)c1ccncn1,-23.77752
CC1C2CNCC2CN1S(N)(=O)=O,-20.476622
CCCCCNCc1ccc2c(c1)CCCN2C,-17.758621
Cc1nc(CC(C)N)ncc1N,-25.50145
CCNc1cc(NCCC(N)=O)ccn1,-27.845043
C#CC(=O)NCc1ncccn1,-20.039284
CC(N)CNc1ncccc1C#N,-25.508068
Cc1ccncc1CC(=O)C(=O)O,-19.125628
CCC(CC)C(N)COCc1ccccc1,-16.124847
N#Cc1cc2scc(CCN)c2s1,-22.479023
N#Cc1ccc(C=C2CCNC2)cn1,-23.443611
CN1CCCc2c1cccc2C(C)(C)CO,-18.588175
CC(C)Cc1ccc(C#N)cn1,-17.532383
CC=CC(=O)NCC(=O)c1ccccc1,-18.527588
CNCCN(C)CC(=O)NCc1ccccc1,-21.39651
CCN(Cc1ccccc1)CC(C)CCN,-17.93897
CN1CCC(O)(c2ccncc2)CC1,-22.174026
CCNc1cccnc1C#N,-21.068438
NC1CCCS(=O)(=O)CC1,-21.313046
CNCCC(=O)OCc1ccccc1,-16.576206
NC(Cc1ncccn1)=NO,-24.490253
O=C=NCc1cncnc1,-21.407967
CN1CCCc2cc(CCCCN)ccc21,-19.924416
N#Cc1cccc(N2CCC23CCC3)n1,-21.87883
N#Cc1ccc(N2CCC23CCC3)cn1,-22.12537
CCN(C)c1ncncc1N,-21.666399
Cc1ccncc1C(CCO)C(C)N,-23.487854
Cc1ccncc1CNC(C)CN,-24.24899
CC(C)(O)CNc1cncc(C#N)c1,-21.715662
N#Cc1cncc(CSC(=N)N)c1,-25.288189
CCC(C)(C)Nc1ccncn1,-21.80367
Cc1cccn1CC(N)=O,-20.327314
Cc1nnc(CC(N)=O)o1,-24.082846
CSCCC(O)C(N)c1cnccc1C,-22.815838
NC1CCCC(=CC(=O)O)C1,-21.968117
Cc1ccncc1C(O)CO,-21.760912
CCNCCNC(=O)OCc1ccccc1,-18.527489
C=C(C)CNc1ncccc1C#N,-20.797348
Cc1ccccc1CC(N)=O,-20.450266
CC(C#N)CN(C)c1ncccc1C#N,-19.887045
O=C(CO)c1cncnc1,-22.016499
CS(=O)(=O)CCSc1ncccc1C#N,-18.938103
CCCC(=O)Cc1ccncn1,-18.435669
CCCCOc1ccc(C#N)cn1,-16.377634
CCNc1cc(OCCCOC)ccn1,-17.54849
Cc1ccncc1NC(=O)C(N)CO,-27.261536
CN(C)CCCOc1ccncc1C#N,-17.877613
NC1CCc2conc21,-21.84372
CN(C)CCOc1ccccc1,-15.83432
NCCc1cccc(S(N)(=O)=O)c1,-22.2084
C=CC(CO)Nc1ccnc(NCC)c1,-24.419056
O=C(CCCO)OCc1ccccc1,-15.159794
NC1=CC(=O)CCC1,-20.978529
N#Cc1cccnc1N=C=O,-18.420422
Cc1ccc(C(O)C2CNCCN2C)cc1,-25.0359
CCCNc1ncc(N)c(C)n1,-23.19649
Cc1ccnc(C=NNC(N)=O)c1,-23.483807
CCC(C)(CN)c1cc(C)ccn1,-21.94122
C#CCCCNc1cc(C)ccn1,-19.463024
CONCCCc1cnccc1C,-17.948673
OCC(Cc1ccccc1)NCc1ccncc1,-22.919823
Nc1csnn1,-23.427568
NC1CC2(C1)CS(=O)(=O)C2,-19.12138
CS(=N)(=O)Nc1ccc(C#N)cn1,-20.998749
OC1(Cc2ccsc2)CCC2CCC1O2,-19.604713
N#Cc1ccc(C(=O)NCCN)nc1,-24.635803
CCNCc1ccncc1C#N,-20.95211
Cc1ccnc(CNCCCC(C)C)c1,-18.06181
CC(O)(Cc1cccnc1)c1ccccc1,-20.55529
CCC(C)Nc1cncnc1,-21.690872
O=CC(O)c1ccncn1,-21.154282
COCCNC(CO)c1cnccc1C,-19.789484
CCCNC(C)C(=O)Nc1cnccc1C,-22.544342
Cc1ccncc1C(=O)C(C)N,-22.251385
CSC(C)(C)CCNc1cnccc1C,-19.995613
CCCOC(=O)c1cnccc1C,-16.155554
Cc1ccnc(N(C)C(C)(C)CN)c1,-22.101505
Cc1ccnc(C(C)(CN)C(C)O)c1,-23.84132
CNC(C)CNC(=O)c1cnccc1C,-22.96724
CCC(C)CN(C)c1ncccc1C#N,-16.566412
SCc1ccncn1,-22.906784
NCCSCc1ncccn1,-22.16195
C#CC(C)(C)Oc1ccnc(NCC)c1,-17.914583
N#Cc1cnccc1NC(=O)CN,-25.508524
CC(=O)CC(=O)c1ncccn1,-19.127235
NCCCNc1ccccc1S(N)(=O)=O,-24.504368
CCCNC(CCC)c1cnccc1C,-18.03335
CNS(=O)(=O)c1ncccn1,-19.697067
c1cncc(C2CCCCC2)c1,-19.579777
CN1CCCc2cc(CC(=O)O)ccc21,-19.12046
Cc1ccncc1NC(=O)CCNC(N)=O,-26.082542
NC(=S)Cc1ccncn1,-26.996222
OCC(NCc1ccccc1)c1cccnc1,-22.980965
CCCC(CC)NCc1cc(C)ccn1,-18.254927
C=CCSc1ncccc1C#N,-18.413696
CCNC1CCN(C#N)C1,-17.770102
CNCCCNC(=O)c1ccccc1,-19.612103
Cc1ccccc1NCCC1CNCCN1C,-23.894985
COCCOCOc1cnccc1C,-13.815838
COC(=O)C=C1CCCC(N)C1,-19.650377
CCSCCSCc1ccc(C#N)cn1,-17.874876
CCOCC(=O)c1ncccn1,-17.683622
CC(C#N)Sc1ccc(C#N)cn1,-19.227327
NC(=O)Nc1cccc(C2CCC2)c1,-23.127712
N#CCCC(N)c1ccncn1,-24.299625
C#CCOCc1ccc(C(=O)OC)cc1,-12.763243
NC1CCC=CCCC1,-20.615252
CC1CC2CNCC2N1S(N)(=O)=O,-21.315527
CCc1ccc(C(=O)OC)cc1,-14.210268
O=C(CCc1ccccn1)Nc1ccccc1,-20.889782
CCOC(=O)CSc1ccncc1C#N,-17.563728
CC(N)c1ncc(C#N)cn1,-24.442585
CC(COCc1ccccc1)Nc1ccccn1,-19.927889
CN(C)CCSc1ccc(C#N)cn1,-19.596682
CCNc1cc(C(=O)O)ccn1,-22.79004
CCC(N)c1cc(C)ccn1,-21.94053
C=CCCN(C)c1ncccn1,-18.240303
COCCCNC(C)COCc1ccccc1,-13.7380495
Cc1ccccc1C1CN(C)CCN1,-21.95451
Cc1ccnc(NC(C)COC(C)C)c1,-19.050014
C#CCCN(C)CC#Cc1ccccc1,-16.509743
Cc1ccnc(NCCCN(C)C)c1,-21.039148
Cc1ccncc1NC(=O)C(C)C,-19.907167
CC(CO)CSc1ccncn1,-20.507338
CC(=O)NCCNCc1cc(C)ccn1,-21.980078
COC(=O)c1ccccc1NCC(C)N,-21.846207
NCC(Cc1ccncc1)C1CCCCC1,-23.388962
CCNc1ccc(CSC)cn1,-20.988054
CC(O)C1CCN(Cc2ccsc2)CC1,-20.929321
Cc1ccncc1CCCNCCO,-20.207872
OCCCSCc1ccncn1,-20.254755
NS(=O)(=O)Cc1cncnc1,-22.973469
CC(C)CCOc1ccncc1C#N,-16.20913
CCNC1(C#N)CCC2(CC2)CC1,-18.228704
NC(=O)NCCNOCc1ccccc1,-21.317562
CNC(CCSc1ccccc1)C(N)=O,-23.418264
Cc1ccncc1C=NNCCO,-21.002596
C#CCON=Cc1cncnc1,-19.4352
Cc1ccnc(C(CN)CC(=O)O)c1,-22.773392
Cc1ccncc1CC(N)CCC(=O)O,-23.903362
CCNCCC(C)(C)c1cnccc1C,-19.158348
OC1CCC(Cc2ccsc2)C1,-19.769526
N#Cc1ccc(CNC(N)=O)nc1,-24.268002
CC(C)C=C1CCCCCC1N,-20.424423
CCNc1cccc(OCCCC(C)C)n1,-18.704308
C#CCCC(N)c1ccncn1,-23.34283
NC1CCC2(CC2)C1,-21.295898
COCC(N)Cc1cnccc1C,-21.258896
CCC(C)c1ncc(N)cn1,-19.921738
OC1CCN(Cc2ncon2)CC1,-22.53685
C#CC(C)Oc1cccc(NCC)n1,-20.141983
N#Cc1ncccc1N1CCOCCN1,-22.357117
NS(=O)(=O)c1cccc(C=O)c1,-18.080875
CC(CSCc1ccccc1)ON,-18.00597
CC(=O)NC1CCCC=C1C,-17.82021
N#Cc1cc(C2OCCO2)ccn1,-18.52384
CC(O)(CCN)c1ncccn1,-23.075756
CC#CCNc1ncccn1,-21.125458
CN(CC(C)(N)CO)c1ccccc1,-20.948565
NC1CC2CNC(=O)C2C1,-26.05024
Cc1ccnc(NS(N)(=O)=O)c1,-24.38608
N#Cc1ncccc1-n1ccnc1,-22.638128
Cc1ccnc(NCC(C)(O)CO)c1,-22.06186
C#CC(C)(C)N(CCO)c1ccccc1,-15.750879
Cc1ccncc1CN=C=S,-22.096794
CCNCc1ccc2c(c1)CCCN2C,-20.241394
CCCN(Cc1cncc(C#N)c1)OC,-17.514286
Cc1ccnc(NC(=O)C(C)N)c1,-24.870716
CCC(C)(N)c1ncccn1,-22.254936
CCNc1cccc(OC(C)COC)n1,-18.447187
CCC(C)(Oc1cnccc1C)C(=O)O,-18.002552
CN(CC(C)(C)N)c1ncccc1C#N,-21.985033
CC(Nc1ccncc1C#N)C(C)(C)C,-20.672455
Cc1ccncc1C(O)CC=O,-19.90945
CCC(O)C(O)Cc1ccccc1,-18.021503
CCSCCNC(C)(C)COCc1ccccc1,-14.340399
Cc1ccnc(C(C#N)CN)c1,-22.346054
C=CCNC(=O)c1cncc(C#N)c1,-20.97386
CCNc1cc(NCC(C)CO)ccn1,-24.350986
NN=C(NC1CCCCC1)c1ccccn1,-23.39507
CC(CO)N(C)c1ncccc1C#N,-20.167038
CN(c1cccnc1)C1CCCCC1,-21.28891
CCCC(C#N)C(=O)Nc1cnccc1C,-20.322506
COC(C)C(O)c1cnccc1C,-17.230042
Cc1ncc(N)c(C(C)(C)C)n1,-20.05377
Cc1ccncc1CNS(=O)(=O)CCO,-20.90456
C=CCCNC(=O)C(CC)c1ccccc1,-15.75624
c1ccc(CCCc2ccccn2)cc1,-17.513622
OCc1ncccc1N1CCCOCC1,-21.60181
Cc1ccncc1OCOC(C)(C)C,-15.293375
COC(=O)c1ccc(C(=O)CN)cc1,-19.500774
OCCCCNc1ncccn1,-21.449461
Cc1ccsc1C1(O)CNCCOC1,-20.24004
CCC(C)C(CC(C)N)c1ccccc1,-17.735329
CCCC(C)(N)C(=O)c1cnccc1C,-20.41835
CCCNCCc1ccc2c(c1)CCCN2C,-18.150713
N#Cc1ncccc1C1CCNC1,-21.471745
CC(C#N)CSc1ccncn1,-21.454039
CC(O)CCNCCc1ccccc1,-18.58748
N#Cc1cnccc1NOCCCN,-21.733475
CCC(C)N(CCC=O)Cc1ccccc1,-13.512503
NC(=O)c1ccccc1S(N)(=O)=O,-23.897654
N#Cc1cc(-c2ncno2)ccn1,-23.116013
N#Cc1cc(N2CCCCCC2)ccn1,-22.018324
CCC(C)=C1CC(N)C1,-20.23462
NCC(O)(c1ccccc1)c1cccnc1,-24.313377
CNCC(O)C(=O)c1ccccc1,-19.660809
CN1c2ccccc2CCC1CCN,-20.153032
Cc1ccnc(N)c1,-21.321444
Cc1ccncc1C(=O)CSCCN,-22.153301
Cc1ccnn1CC(N)=O,-21.655136
NC1SCCC1=O,-18.876335
CN1CCCc2cc(C=CC#N)ccc21,-18.029375
Cc1ccnc(NCCCC(C)O)c1,-21.658634
CC(C=O)c1ncccn1,-18.767654
CCCC(CC)Nc1ncccc1C#N,-19.151897
Cc1ccncc1NC(C)CC(C)(C)O,-20.33542
CCC(C)C(=O)c1ccncn1,-18.585312
CCC(C=O)=Cc1ccncn1,-20.903757
C#CCCN(Cc1ccccc1)OC,-14.641982
N#Cc1ccc(C2COCCO2)cn1,-18.431107
CCCC(CN)C(O)c1cnccc1C,-21.58663
N#CCNC(=O)c1ccc(C#N)cn1,-21.40335
N#CCc1ccncc1C#N,-18.164574
CNCCC(C)(C)c1cnccc1C,-19.259508
CCN(C)C(=O)CNc1cc(C)ccn1,-21.916975
CCNc1cc(NCCSC)ccn1,-22.751606
COCCCC(C)(O)c1cnccc1C,-16.974045
COC(CSc1ccccc1)C(N)=S,-21.272095
NN1CCC2(CC2)C1,-19.70741
NC1CCCSC1,-20.705183
CCCC(O)(CC)c1cnccc1C,-17.907753
CCOCC(=O)NCCCOCc1ccccc1,-14.013182
OC1CN(Cc2ccsc2)C1,-21.156233
COCC(C(N)=S)c1ccccc1,-20.911146
CCCC(N)CC(=O)Nc1ccccc1,-21.807333
NCCCNc1ncc(N)cn1,-27.29911
Cc1ccncc1C(O)CCC(C)(C)N,-22.964283
CCCCSc1cccc(NCC)n1,-19.942324
NC12CCCC(C1)C2,-19.825933
CNC(C(C)C)C(O)c1cnccc1C,-21.602468
CCNc1cc(OCCSCC)ccn1,-19.380634
CCNc1ccc(C#N)nc1,-21.737198
C=CCC(NN)c1ccncn1,-22.688019
CCCCOCCNc1cc(C)ccn1,-17.443375
NC(=O)NN=Cc1cncnc1,-25.054197
N#Cc1cc(C2CCSCC2)ccn1,-19.820768
O=C(CN1CCCC1)Nc1cccnc1,-23.347996
C=CCNC(C#N)c1cnccc1C,-20.84866
C=C1COCC1N,-18.763279
CC#CCCC(N)CSc1ccccc1,-20.690788
N#Cc1cncc(CSCCC(=O)O)c1,-20.07999
CC(C)(N)C(=O)CCCc1ccccc1,-17.871822
CC(=O)Nc1nocc1C,-21.224812
NC(=S)NN=Cc1ccncn1,-26.832071
CC1Cc2ccccc2N(C)C1,-18.264317
COCCC(=O)c1cc(C)ccn1,-16.345476
CCCCSc1ncccc1C#N,-17.217201
CC(C)(N)CCNc1ncccc1C#N,-24.238167
CN(CCC1CCCCC1)Cc1ccncc1,-20.809961
CCOCC(N)c1cncnc1,-22.74078
Cc1ccncc1OC(C)(C)C(=O)O,-18.868788
CC(C)OCC(=O)C=Cc1ccccc1,-15.613491
N#Cc1ccc(N2CCCC3CC32)cn1,-22.126366
Cc1ccncc1OCCOC(C)(C)C,-14.871271
CC(=O)NC1(C)CNC1,-16.42622
COC(=O)C=CNCc1cc(C)ccn1,-21.242342
CCP(=S)(CC)Nc1ccccc1,-21.609503
NN1CC2CS(=O)(=O)CC2C1,-20.08807
C=C(CCN)c1cc(C)ccn1,-21.651402
COC(=O)c1ccc(NC=O)cc1,-17.2738
CC(C)CCN(C)Cc1ccccc1,-15.355101
Nc1cnc(S)nc1N,-27.497719
CC(C)C(CN=C(N)N)c1ccccc1,-22.869875
CCC(N)CNc1cncnc1,-27.0612
CCC(C)(N)c1cnccc1C,-22.179577
CCNc1cccc(SCCO)n1,-22.705349
CC(=O)Nc1cccc(C)n1,-21.236784
CCCNC(=O)c1cnccc1C,-19.407642
CNC(C)(C)Cc1cc(C)ccn1,-18.862974
N=C(NN)c1ncccn1,-24.583164
NC(=O)CSc1ccncn1,-25.096706
CCNc1ccc(C(=O)O)cn1,-22.954048
N#Cc1cccnc1CC(N)C(=O)O,-24.293137
COC(=O)Cc1cncnc1,-18.683138
CCC(N)CNc1ccncc1C#N,-25.693428
CCOC(=O)CC(NC)c1cnccc1C,-18.768898
OC(CSC1CCCCC1)c1cccnc1,-20.665081
NCCNC(=O)c1cncnc1,-25.65711
CN(C)C(=O)c1cncc(C#N)c1,-20.949532
Nc1nncnn1,-24.758081
CN(C)CCOc1ccncc1C#N,-18.40855
CC(O)CCCNc1ncccc1C#N,-22.127642
CC=CC(O)c1cncnc1,-21.982765
OCCSc1ccncn1,-20.919617
c1ccc(CCNc2ccccn2)cc1,-21.08776
Cc1ccncc1NCCC(C)C,-19.49628
C#CCCCCC(=O)NOCc1ccccc1,-13.912829
NCC(=O)Nc1ncc(N)cn1,-28.681831
C=C(C)CC(O)c1cncnc1,-20.86718
CCSc1cc(C)ccn1,-17.990509
CNC(C)c1ccncn1,-22.042364
CNS(=O)(=O)C(C)c1ccccc1,-18.625988
CC(=O)NCCNCc1cnccc1C,-22.189167
Nc1nc(=S)ss1,-18.186157
NC1CC2CCOC2C1,-20.263752
CC(CCN)Nc1ccc(C#N)cn1,-24.511906
N=c1ccccn1N,-19.930822
OC1CCN(CC23CC(CO2)C3)CC1,-21.265371
CC(CCC1CCCCC1)NCc1ccncc1,-21.894075
CNNC(=O)c1ccc(C#N)cn1,-23.465015
CCNC1(C#N)CCCSC1,-16.732018
CCN(Cc1cncc(C#N)c1)OC,-17.93455
Cc1ccnc(C(=O)N(C)CC#N)c1,-20.498922
NC1C2OCCOC12,-18.390804
CCC(C)(CN)Nc1cc(C)ccn1,-24.345448
Cc1ccncc1CNC(=O)C(=O)O,-21.52647
CC(N=C=O)c1ccncn1,-21.408209
CSCCNCCC=Cc1ccccc1,-18.042303
CC(C)C=C1CC(N)C12CCC2,-21.301353
N#CCCC(=O)c1ccncn1,-20.215435
CC1CNC(CC(N)=O)SC1,-23.047218
CN1CCC(O)C(C2CCCNCC2)C1,-23.278366
CC(N)(C#N)CCOCCOc1ccccc1,-16.320229
OC1CCN(CC2CCCCCC2)CC1,-20.038107
CC(CO)NCc1ncccn1,-22.566196
CC(C)c1ncc(N)c(CN)n1,-24.998007
Cc1ccccc1NC(=O)C1CNCCN1C,-23.168835
CCCC(CCO)Nc1ccc(C#N)cn1,-21.15303
Cc1ccncc1OCCN(C)C(C)C,-17.82571
C#CC(C)NCCCc1cnccc1C,-18.344086
CCC(N)CC(=O)Nc1ccccc1,-22.253864
N#Cc1ocnc1CCN,-20.572021
CC(C)(C)c1ncc(N)c(O)n1,-21.612106
CNCC(=O)Nc1cc(C)ccn1,-23.345867
Cc1ccncc1NCCCN,-23.771091
CC(C)(C=O)c1ccncn1,-18.184467
CCC(COC)NCc1cc(C)ccn1,-17.770487
CCN(Cc1ccccc1)Cc1ccccn1,-18.662628
CC(CC1CCCCC1)Nc1ccccn1,-20.848684
CC(C)C(C)(O)c1ccncn1,-20.950117
N=C(N)C1CCCCN1Cc1ccsc1,-23.967659
CCNc1cc(NCC(O)CO)ccn1,-27.59539
CCOC(=O)C(=O)c1ncccc1C#N,-18.110308
COCC(=O)NCc1cnccc1C,-18.826118
COC(CNCc1ccncc1)C1CCCCC1,-20.412096
OC1CCN(CC2CCCC2)CC1,-19.481524
NC1CC(=O)c2sccc21,-20.33945
C=CCCCc1cnccc1C,-16.170074
Nc1noc2c1COC2,-19.659904
Cc1ccnc(NC(=O)CC(=O)O)c1,-22.622555
CNCCOCCN(Cc1ccccc1)OC,-15.739897
CC(NCCc1ccccc1)c1ccncc1,-20.502146
COC(=O)c1ccccc1C(C)C=O,-14.7246
Nc1cncnc1OCCO,-22.382952
CCOCCCC(=O)c1cnccc1C,-15.843973
Cc1ccnc(CNCC(C)CO)c1,-20.791327
Cc1ccnc(NN(C)C)c1,-21.73321
NC(=S)Nc1ncccn1,-26.547815
NCC(CO)c1cncnc1,-24.920532
COCC(C)CNc1cc(C)ccn1,-18.264338
CCC(Nc1ccncc1C#N)C(C)O,-22.122086
N#Cc1cccc(NN2CCOCC2)c1,-20.312561
Cc1ccncc1OCCCCC(=O)O,-17.327236
CC#CCNC(C(=O)O)c1ccccc1,-18.756561
CNC(COCc1ccccc1)c1cccnc1,-19.933722
c1cncc(NCCC2CCCCC2)c1,-22.481958
Cc1ncccc1NC(=O)CC1CCCCC1,-22.083843
CC(N)CN(CCO)Cc1ccccc1,-21.61
CNCC(O)CNC(=O)NCc1ccccc1,-24.981857
CCCC(C)Nc1ccnc(NCC)c1,-22.177979
C=CCCCNC(C)c1cc(C)ccn1,-18.44725
CCNc1cc(NCCNC(N)=O)ccn1,-28.738583
CC(N)CCN(C)Cc1ccccc1,-20.314056
CCC(N)C(C)NCCc1ccccc1,-21.186579
CC#CCC(CCOCc1ccccc1)NN,-16.812317
CSCCC(C)Nc1ccc(C#N)cn1,-20.305365
CC1CCOCCN1CC(N)=O,-19.973698
CCOC(CC)C(O)c1cnccc1C,-17.585955
O=C(Oc1cccnc1)c1ccccc1,-18.28762
N#Cc1cccc(N2CCCCCCC2)n1,-22.214085
CCNC1(C#N)CCCC12CCC2,-17.6656
CNCC(C)Nc1ncccc1C#N,-23.692253
CNC(C)(C)c1cncnc1,-22.023758
c1ccc(NCCSc2ccccn2)cc1,-21.27491
O=C(O)Cc1cncnc1,-21.313545
c1ccc(CSc2ccncc2)cc1,-19.663239
CN1CCCc2cc(SC#N)ccc21,-17.137527
C=CCSc1ccncc1C#N,-17.758905
N#Cc1cc(-c2ccncn2)ccn1,-24.058128
Nc1nsc2ccoc12,-21.318775
N#CC(COc1ccccc1)c1cccnc1,-18.638794
CC(C)CCC=C1CC(N)C1,-19.865177
COC(=O)c1ccc(C(=O)S)cc1,-17.609024
CN(CC(C)(C)N)c1ccncc1C#N,-22.603138
CCN(CCCc1cccnc1)C1CCCCC1,-18.232704
OC1CCN(Cc2cnoc2)CC1,-21.387608
CCCC(C(=O)O)c1cnccc1C,-18.283512
CCNCCOCc1cncc(C#N)c1,-19.294403
NC1SCCCS1,-19.05251
CCC(C)(CO)CNCCc1ccccc1,-18.304037
C=CC(COC)NCc1cnccc1C,-18.113537
CC(CO)CNC(=O)COCc1ccccc1,-17.290434
COCCOc1ccncc1C#N,-15.519462
N#Cc1cccc(C2OCCNC2=O)n1,-23.327374
CC(c1ccccc1)C(CO)NCCO,-20.264488
N#Cc1nc(CCN)cs1,-20.914768
C=Cc1ccncn1,-19.3031
c1ccc(COc2ccccn2)cc1,-17.946762
Cc1ccnc(NC(C)C(C)CN)c1,-24.528316
CC(C)CC(c1ccccc1)C(C)N,-18.806553
N#Cc1ccc(N2CCSCC2)cn1,-21.56977
CCCC(C)N(C)c1ccncc1C#N,-17.964674
CCOc1ccncc1C#N,-17.432405
c1ccc(CNCCCOc2ccncc2)cc1,-19.66894
CSC(C)CCOc1ncccc1C#N,-17.456865
C=CCC(CO)Nc1ccc(C#N)cn1,-21.900475
CCC(C#N)C(=O)NOCc1ccccc1,-15.62408
NS(=O)(=O)c1ccc(CCCS)cc1,-21.172974
COC(=O)C=Cc1ccncn1,-20.731176
OC1(Cc2ccsc2)CSC1,-17.674007
CCOC(C)C(N)c1cnccc1C,-20.713554
NC1=NCCCS1,-20.550844
CCNc1ccc(CSCCSC)cn1,-20.321762
CNCCCSc1ncccn1,-20.306784
CCC(Oc1cnccc1C)C(=O)NN,-20.77806
N#Cc1cc(N2CCOCC2)ccn1,-20.940695
Cc1ccncn1,-19.550291
O=C(CC1CCCCC1)NC1CCSC1,-19.558636
CC(=O)NCc1ccc(C#N)cn1,-21.069164
O=C(Cc1cncs1)Nc1cccnc1,-24.069069
CC(N)(CCO)c1ccncn1,-25.009846
CCNc1cc(N(CCO)C(C)C)ccn1,-22.852291
CC(C)C(CN)NCCc1ccccc1,-20.548767
CN1CCC(CC(N)=O)CC1,-22.340727
Cc1ccsc1C1OCCC1O,-17.99603
CC(C)(O)c1cncnc1,-21.484524
COCCc1ccccc1S(N)(=O)=O,-16.580154
C=C(C)C=C1CC(N)C12CCC2,-20.474922
CC(CN)Sc1ccc(C#N)cn1,-23.009565
C=CC=CCC=C1CCC(N)C1,-22.534595
N#Cc1cccc(C2CCSCC2)n1,-19.5728
CCONc1ncccc1C#N,-18.67062
CN1CCCc2cc(CCO)ccc21,-18.787296
CN(C)C=Nc1ncccc1C#N,-18.443253
NC1COC2(CSC2)C1,-20.33422
CCOCC(C)Oc1ccncc1C#N,-15.563003
NCCN(CCCO)Cc1ccccc1,-20.350864
CCNc1cccc(COCC)n1,-19.54599
CCC(C)(N)C(=O)c1cnccc1C,-21.519135
CNC(=N)NCc1cc(C)ccn1,-24.842178
NC1CCc2occc21,-18.608358
NC1CC2CC1C1CC21,-20.901775
N#Cc1ccc(N2CCCC2=N)cn1,-21.091593
NCCCc1ccc(S(N)(=O)=O)cc1,-21.832588
CCC(COCc1ccccc1)NN,-17.380655
COc1ncncc1N,-20.671644
CC(C)(C)CCOc1ccncc1C#N,-15.343834
CNC(=O)CNCc1cnccc1C,-22.53351
C=Cc1cc(C)ccn1,-17.702906
N#Cc1cnnc(N2CCCOCC2)c1,-22.390411
CCOCC(C)NCc1cnccc1C,-18.834852
Cc1ccsc1C1(O)CCC2CC21,-18.948532
NC1CC(=O)OC1=O,-20.52773
CCCC(N)C#Cc1cncc(C#N)c1,-22.968756
Cc1ccncc1NC(=O)CC(C)CN,-23.339249
C#CCOC(=O)c1cncnc1,-18.277277
N#Cc1cc(-c2cccnc2)ccn1,-22.312809
CCN(CC)CCSc1ccc(C#N)cn1,-17.756441
NCc1sccc1CN1CCCCC1,-23.007172
COC(=O)c1ccccc1NC(=S)OC,-18.356493
CCc1ncc(N)c(C#N)n1,-21.281582
NC(Cc1ccccc1)c1ccncc1,-23.328093
COCC(C)CNC(N)=NCc1ccccc1,-19.564484
Cc1ccncc1NC(=O)CCCN,-23.771173
NN1Cc2nonc2C1=O,-21.414312
N#Cc1ncccc1N1NC2CCC1C2,-22.95577
CC(C)ON=Cc1ccncn1,-19.813597
CCNc1ncccc1CSCC(N)=O,-26.56327
CCNC(COCC)C(C)OCc1ccccc1,-15.518933
O=C(NCCS)c1ccccc1,-20.79694
CCC(C)=C1CCC(N)C1,-19.843067
Nc1ncc2sccn12,-21.962923
Cc1ccncc1CNCCCCO,-20.346718
CCNc1ncccc1CSCCSC,-20.37863
CC(C)C(C)Nc1cncc(C#N)c1,-21.229034
NN=C(N)SCCCOc1ccccc1,-21.29674
COC(=O)c1cccc(C#CCN)c1,-18.521458
Nc1noc2snnc12,-24.846275
COCCC(=O)Nc1cc(C)ccn1,-18.68108
CCCCCCC=C1CC(N)C1,-18.647036
NC1CC2OC1C1CC21,-20.32307
CC1(CC(N)=O)CCCCC1,-19.877645
CC(C)C(O)C=C1CC(N)C1,-22.94358
CC(C)(N)C#Cc1ccncn1,-22.10515
NC1CC(=O)c2ccoc21,-19.272198
CSCCCNC(C)c1cc(C)ccn1,-18.881992
CCC(CN)Nc1cnccc1C,-23.880138
CCOCC(O)c1cc(C)ccn1,-18.732664
CCNc1cc(NCC(C)COC)ccn1,-21.046082
CC(C)(O)C#Cc1cncnc1,-21.021456
CSSCCNc1ccncc1C#N,-20.044552
CCOC(=O)Cc1ccncn1,-18.086723
CCC(C(=O)O)c1cncnc1,-20.454062
CON(C)C(=O)c1ccc(C#N)cn1,-19.188957
C=CC(NCc1cnccc1C)C(=O)O,-21.734324
CN1CCC(O)(C2CCOCC2)CC1,-18.099508
COCCNC(=O)Nc1cc(C)ccn1,-20.679457
N#Cc1cnccc1NCCN,-24.656738
CCC(C)(CO)Sc1cc(C)ccn1,-18.73367
CC1CCCN(CC(N)=O)C1,-22.12742
CCCC(C)C(=O)Nc1cnccc1C,-19.17104
CC(c1ccccc1)N(C)C(=N)N,-24.239365
CC=CCCNc1ccc(C#N)cn1,-21.095596
CCCOc1ccc(S(N)(=O)=O)cc1,-17.394274
NC1CC(=O)c2ccsc21,-20.961512
CNCC(C)Nc1ccncc1C#N,-23.703583
Cc1ccnc(NC(C)CCN)c1,-23.82732
CN(CC(N)=O)c1ccncc1C#N,-23.90217
C=CCC(=O)Nc1ccc(C#N)cn1,-21.30363
C=CCC=C1CCCC1N,-18.919401
CCSCc1ncccn1,-18.634045
Cc1ccccc1CNCCN1CCN(C)CC1,-21.751438
CCNc1cccc(CN(CC)OC)n1,-20.353924
CC(C)=CC(=O)NCc1cnccc1C,-20.796312
CCC(C)(O)C(=O)Nc1cnccc1C,-21.269585
CN1CCC(CN)c2ccccc21,-21.87662
C=C(C)C(Cc1ccccc1)NCCC,-17.636906
CC(O)C(C)c1ccccc1,-16.636547
CNC(CCCC(C)C)c1cc(C)ccn1,-18.516254
Cc1ccncc1C(NCCO)C(=O)O,-22.618973
C=CS(=O)(=O)c1ccncn1,-17.026695
CCNC(CN)Cc1ccccc1,-21.997086
COCC(C)NCC=Cc1ccccc1,-18.37183
NNC(=Cc1ccccc1)c1ccccn1,-24.751017
N#Cc1cc(N2CCCCCO2)ccn1,-20.065458
COCC#CCC(N)c1cnccc1C,-19.715492
NC12CCC1CC2,-19.199594
COC(=O)Cc1cccc2c1CCCN2C,-16.457455
C=CCC(NN)c1ncccn1,-21.677687
OC(C#Cc1ccccc1)c1ccccn1,-21.58017
CCC(N)C(CC)Nc1cc(C)ccn1,-23.15397
Cc1ccncc1C(O)COC(C)(C)C,-18.162529
OC1CCN(CC2CCCNC2)CC1,-22.22501
CC(=CC(=O)O)COc1cnccc1C,-19.475441
CC1CSCCCN1CC(N)=O,-20.900694
CCNc1cc(COCC)ccn1,-19.139868
CCCOCCNc1ncccc1C#N,-18.443317
CC(CN)N(C)c1ccc(C#N)cn1,-23.420504
NCC(=O)c1cncnc1,-24.398483
Cc1ccncc1CNCC(C)(C)O,-20.378342
CN1CCC(O)(c2ccns2)CC1,-22.279768
Cc1ccncc1CC(C)(C)O,-17.87152
C=C(CN)COc1cnccc1C,-21.61621
CCC(C)(N)COc1ccc(C#N)cn1,-19.940025
OC1CCN(CC2CNC2)CC1,-21.84164
N#CSc1ncccn1,-18.029577
CC1CCC(=O)N(CC(N)=O)C1,-20.603363
c1cncc(OCOC2CCCCC2)c1,-17.560558
N#Cc1ccc(C2CCCCC2)cn1,-20.31905
C#CC(C)c1cnccc1C,-16.869766
ON=C(c1ccccn1)C1CCCCC1,-20.70741
CCNc1cc(NC(C)CC(C)C)ccn1,-22.205307
C#CCC(CCOCc1ccccc1)NC,-14.701027
CCNC(C#Cc1ccccc1)CC,-17.803007
N#CCSc1ccncn1,-20.582325
NC(C(=O)O)c1ncccn1,-23.474174
CC(=NNCc1ccccc1)C(=O)O,-18.971117
CCC(N)c1cccc(C(=O)OC)c1,-18.476997
CCOC(=O)C(C)NCCCc1ccccc1,-15.782442
C=CCCC(C)NCc1ccccc1,-16.60368
NC(CC1CCCCC1)c1ccccn1,-22.946445
CCC(O)CNc1cc(C)ccn1,-22.439716
CCC(CC(=O)OC)c1cnccc1C,-15.38316
CSSCCNCc1cnccc1C,-18.995392
N#CC(c1ccccc1)c1ccccn1,-19.34808
CC(CC#N)Nc1ncccc1C#N,-20.675741
O=C(O)CNC(=O)COc1ccccc1,-18.961937
CC(CN)N(C)c1ccncc1C#N,-23.036306
CC(=O)CCC(=O)Nc1cnccc1C,-20.293482
CC(CNc1cccnc1)CC1CCCCC1,-20.440252
CCNC1(C#N)COC1,-16.691793
CCCCC(=O)CSc1ccccc1,-15.109022
CCOC(=O)C(C)Oc1cnccc1C,-15.145241
COCCOc1ncc(N)cn1,-18.753649
C=COCC=Cc1ccccc1,-16.092472
CN1CCCc2cc(C(=O)O)ccc21,-19.66332
CCCC(CCC)Nc1cnccc1C,-18.361977
COCCCSc1ncccn1,-16.12489
NNC(c1ccccc1)c1cccnc1,-22.310297
C#CCC(O)CNc1ccncc1C#N,-22.327215
C#CCCNc1ccncn1,-21.594154
CCC(=Cc1cnccc1C)CO,-21.475245
CC(O)C(C)SCc1cncc(C#N)c1,-22.46524
NC1Cc2nonc2C1=O,-23.589014
CN1C(=O)CN(CC(N)=O)C1=O,-20.255764
CC(C)(C)C#Cc1cncnc1,-20.164463
COC(=O)c1ccc(OCCCO)cc1,-15.013569
Cn1nccc1CC(N)=O,-22.262423
CCC(OC)C(CN)NCc1ccccc1,-19.72313
OC1(Cc2ccsc2)CC2CCCCC21,-19.987974
CC(C)C(O)c1ncccn1,-19.164455
NC1=NCC(=O)N1,-23.44477
C=CCSCCCC(N)c1ccccc1,-18.35106
N#Cc1cc(N2CCCCC2)ccn1,-21.740032
COC(C)(CCN)c1cc(C)ccn1,-20.024271
COCc1ccccc1C(=O)OC,-12.908749
CC(C)CSc1ccncn1,-19.0182
OC1(CCc2cccs2)CCNCC1,-20.923576
N#Cc1cccc(N2CC=CC2)n1,-21.295435
C#CCNC(=O)NCCOCc1ccccc1,-17.088362
CN1CCCc2cccc(CO)c21,-19.180399
OC1CCN(CCc2cccs2)CC1,-19.528395
CCC(C)NCc1cc(C)ccn1,-19.414803
CC(N)C1=NC(C#N)CO1,-21.409357
C=COc1cccc(C(=O)OC)c1,-13.871622
CCCCCCCCCSc1ccccc1,-11.635018
Cc1ccnc(CC(C)(C)O)c1,-17.662432
C=C(C)CN(C)c1ccc(C#N)cn1,-19.068521
CC(=O)Cc1ncccn1,-18.307266
CC(CN)CNc1ccc(C#N)cn1,-24.504997
O=C(Cc1cccnc1)NC1CCCCC1,-21.087116
COC(=O)CCCNc1cc(C)ccn1,-18.744007
CNCCCCc1ccncn1,-20.35801
CC(CN)CCCOc1ccccc1,-16.844263
CCCCC(N)c1ccncn1,-22.56326
CCC(C)CC(C)Nc1ncccc1C#N,-19.007778
CC(NCC1CCCCC1)c1ccncc1,-21.126007
COCC(C)CC(O)c1cnccc1C,-17.152012
CCOCC(N)(CO)c1ccccc1,-18.250427
CS(=O)(=O)c1ccccc1,-16.015879
CCC(C)(C)NCc1cc(C)ccn1,-19.385262
COc1ccc(S(N)(=O)=O)cc1,-17.915052
N#Cc1ccc(N2CC3CCC3C2)cn1,-22.161749
Cc1ccsc1C1(O)CCC(=O)CC1,-18.219814
OC1CCCN(Cc2ccsc2)CC1,-20.8597
N#Cc1ccc(C(=O)NNCCO)nc1,-23.716133
CCC(C)C(C=CCNC)c1ccccc1,-19.270952
CSCC(C)Nc1ccc(C#N)cn1,-21.010702
CCSCc1ncc(N)c(O)n1,-23.084557
CC(Cc1ccccc1)NC=O,-16.582771
Cc1ccncc1C(O)(CN)C(C)C,-23.725506
COCC(OCc1ccccc1)C(=O)NN,-17.263393
N#CC(CN)c1cncnc1,-23.935349
CCCC(CN)N(C)CCOCc1ccccc1,-17.542246
CC(N)C(=O)Nc1cncnc1,-26.718822
CC(O)c1ccc2c(c1)N(C)CCC2,-19.446867
CC(O)c1ncccn1,-20.640522
CCC(C)C(C)NCc1ccccc1,-17.320866
CCNc1ccc(C=O)cn1,-20.149492
CC(CO)Nc1ncncc1N,-26.680964
Cc1ccnc(NCC(C)CCCN)c1,-22.648926
CNC(=NN)c1cnccc1C,-22.61402
COCC(C)Oc1ccncc1C#N,-15.421073
C=C(C)CNc1ccncn1,-21.92854
OC1CCOC(Cc2ccsc2)C1,-19.569796
Nc1ncco1,-18.615995
COC(=O)CSc1ncccn1,-18.340979
NC(CNC(=O)CCc1ccccc1)=NO,-23.327164
Cc1ccncc1C=C(CO)C(C)C,-21.549028
CON(C)Cc1cc(C)ccn1,-17.993961
Cc1ccncc1C#CC(C)O,-19.843609
CCCN(C)Cc1cc(C)ccn1,-17.88416
C=CCN(C)c1ccncc1C#N,-17.671478
CCC(CC=Cc1ccccc1)C(=O)O,-17.747908
Cc1ccncc1C=NO,-19.91964
Cc1ccncc1C(=O)NCC#CCO,-21.51256
CNC(CN)c1ccc2c(c1)CCCN2C,-23.889698
CN1CCN(CC(N)=O)CC1=O,-21.708502
COCC(C)(C)C(N)c1cnccc1C,-18.275604
C=CC(C)(C)COc1ccncc1C#N,-15.713884
C#CCOC(=O)c1ncccn1,-17.149239
C=CCC(C)NC(C)c1cnccc1C,-19.427711
Cc1ccncc1CNCC(N)C(=O)O,-26.434147
N#Cc1ncccc1N1CC2CCCCC21,-21.227463
CC=C1CC(N)C1,-21.231808
Cc1ccncc1C(O)CCCCCN,-21.77872
Cc1ccncc1C(C)NCCC(C)C,-18.678997
CCCSCCNc1ncccc1C#N,-19.548038
CCCCOCCN=C(N)NCc1ccccc1,-18.90976
COCC(Nc1cc(C)ccn1)C(C)C,-18.244831
COC(=O)c1ccccc1NC(=O)S,-19.360779
CCCOCSC(=N)NCc1ccccc1,-18.118755
C=C(CNC)CSCc1ccccc1,-18.976656
C=C(C)CC=C1CCC(N)CC1,-20.640707
CCOCC1CCN(Cc2ccsc2)CC1,-16.52941
C#CCOCc1cncc(C#N)c1,-16.581337
COC(=O)c1ccc(CNC#N)cc1,-17.419832
Cc1ccncc1C(N)C(C)C,-21.281876
Cc1ccncc1OCCSC(C)C,-15.976064
CCCC(N)CNc1cc(C)ccn1,-24.76656
NN1CCCS(=O)(=O)CC1,-20.30831
CCNc1cc(N(C)OCC)ccn1,-21.17118
CSCCc1ncc(N)c(C)n1,-20.621365
C=C(CN)c1ccncn1,-24.1033
CC(CCN)SCc1cncc(C#N)c1,-22.550404
C=CC(=O)N(CCO)Cc1ccccc1,-18.296385
N#Cc1ccc(N2CCCCCC2)cn1,-22.182331
O=C(O)C(O)c1cncnc1,-22.841824
CC(C)=CC(N)c1cnccc1C,-22.457466
CCC(C)CNc1ccncc1C#N,-19.675644
CC(N)c1cc(C#N)ccn1,-23.272503
OCC1CN(Cc2ccsc2)CCC1O,-22.604824
CCC(CN)Nc1ccncc1C#N,-24.234852
CNCCCCc1cncnc1,-20.803982
C#CC(C)NC(=O)CCc1ccccc1,-16.497543
COC(=O)CCc1cc(C)ccn1,-16.23174
N#Cc1cccnc1C=CC(N)=O,-24.11655
OC1C=C(Cc2ccsc2)CC1,-19.91539
OC(CNCc1ccccc1)c1cccnc1,-23.372551
CCOc1ccc(S(N)(=O)=O)cc1,-18.242887
CC(=O)OCCNc1ncccc1C#N,-20.154585
CNC(=O)COc1cnccc1C,-19.721573
CCC(C)SCCc1ccccc1,-14.527333
CCC(CC)C(N)c1ccccc1,-17.77353
CN1CCNC(CC(N)=O)CC1,-25.726805
CC(N)CCSc1ncccn1,-22.30445
NC1C2C(=O)NC(=O)C12,-27.39718
CC(C)(CN)Nc1ncccc1C#N,-25.255411
O=C(CO)c1ccccc1,-17.815939
CC(=O)NC1CCCN(C)CC1,-19.611324
c1ccc(OCCCNCc2ccccn2)cc1,-19.240742
COc1ncc(N)c(C#N)n1,-20.66135
CCN(CCSC)C(=O)CCc1ccccc1,-15.1729765
COCC#CCSC(N)=NCc1ccccc1,-18.869394
CC(CCO)CNC(C)c1ccccc1,-17.812662
C#CCN(CC#C)c1ccc(C#N)cn1,-17.428219
Cc1ccncc1CNC(N)=NN,-27.015703
C=C(C=C1CCCC(N)C1)CC,-20.454336
Cc1ccncc1C(=O)N(C)CCCC#N,-19.840637
CCCNC(CC)c1cnccc1C,-18.479885
N#Cc1ccc(C2CCNCCO2)s1,-19.188774
CCNC(CO)(CSCC)c1ccccc1,-19.749695
N#Cc1ncccc1N1CCC12CCC2,-21.127527
CCNc1cc(SC(C)(C)CO)ccn1,-22.423004
CCOCCCNCc1cnccc1C,-17.72316
O=C(Nc1cccnc1)C1CCCCC1,-22.259708
CCNC(=O)CNCc1cnccc1C,-22.77138
COC(=O)C=C1N=C(N)NC1=O,-21.190132
CC(C)(CO)c1ncccn1,-19.05214
NN1CCCC12CCC2,-20.77667
CCOCCCCC(O)c1ccccc1,-14.479634
N#Cc1cccc(N2CCC3CC3C2)n1,-22.094566
OCCCSc1ccncn1,-20.388678
CCC(C)C(=O)c1cc(C)ccn1,-16.985117
CCCNCC(=O)Nc1cnccc1C,-21.949425
NC1=CCCCN1,-21.892223
c1ccc(CCc2ccccn2)cc1,-18.044558
COCC(C)C(=O)c1cc(C)ccn1,-16.054146
NC1CCCC(=O)NC1=O,-24.54317
O=C(O)C1CCN(Cc2ccsc2)CC1,-19.778736
CC#CCC=C1CCCCC1N,-19.362112
Cc1ccncc1C(C)(O)C(C)(C)C,-17.009462
CN(C)C(CN)c1cncnc1,-24.329256
NC1=NOCC1,-17.322828
CN1CC(N)Cc2ccccc21,-22.091547
OC1CCN(CC2CCCN2)CC1,-22.589314
N#Cc1ccc(NCCNC(=N)N)nc1,-30.07293
CC#CCCNCC=Cc1ccccc1,-19.70843
CN(CC=O)c1ccncc1C#N,-18.481415
CC#CCCNCc1cncc(C#N)c1,-20.786983
CCNc1ccc(S(=O)(=O)NC)cn1,-23.557806
CCCCN(CCO)c1ncccc1C#N,-17.600096
CC(C)NCCCOc1ccc(C#N)cn1,-19.165354
CCNc1cccc(CN(C)C(C)CO)n1,-23.655226
Nc1ccccn1,-20.914118
NC12CCC(CC1)C2=O,-19.02974
Cc1cccc(CCNCC2CNCCN2C)c1,-22.22744
CC#CCC(N)CSc1ccccc1,-20.295847
CC(C)CCSc1ncccc1C#N,-17.373474
N#Cc1cccn(CCN)c1=O,-20.51978
C=CC=CCCC(N)c1cc(C)ccn1,-23.63353
CN(CCN)C(=O)CCCOc1ccccc1,-19.178211
O=CC(c1ccccc1)c1ccccn1,-17.890242
C=CCS(=O)(=O)NCc1cnccc1C,-18.363737
C=CCCC(=O)c1cnccc1C,-17.08711
CCNc1cccc(CSC)n1,-21.230167
CCC(C)(C)C=C1CC(N)C1,-19.954933
CC(N)c1scnc1C#N,-23.338337
N#Cc1cc(N2CC3CC3C2)ccn1,-22.464506
OC1CCN(Cc2nncs2)CC1,-22.421629
C#CC(N)CC(OC)c1ccccc1,-16.777264
COCC(N)C(=O)Nc1cc(C)ccn1,-23.831013
CCOC(=O)CC(=O)CCc1ccccc1,-14.37216
N#Cc1ncccc1N1CC2CC1CS2,-22.044239
NCCCN(c1ccccc1)c1ccccn1,-21.696692
CSCC(C)C(NN)c1cnccc1C,-20.697887
Nc1ccccc1,-18.571531
CCC(NN)c1cnccc1C,-21.240566
Cc1ccncc1C(=O)C(C)(O)C=O,-18.23517
CC(C)(CO)Nc1ccncn1,-23.537724
CC(N)c1cnc(C#N)o1,-21.144852
N#CNC(=O)c1ccc(C#N)cn1,-22.012318
Cc1ccncc1C(N)C(=O)O,-22.749586
CCC(C)(C)N(C)c1ncccc1C#N,-17.200869
N#Cc1cncc(C#CC(=O)O)c1,-20.926043
O=C(CN1CCC(O)CC1)c1cccs1,-19.925785
C=CCCNc1ncccn1,-20.069044
CCNc1cccc(SCC(C)CO)n1,-22.29307
CC1C(=O)NNC1CC(N)=O,-25.906805
CSCC(C)(N)CCCOCc1ccccc1,-15.467163
CCNc1ccc(C(N)=NO)cn1,-26.77306
CC(C)(CCO)Nc1ccc(C#N)cn1,-22.01937
CC(C)(C)NCC=Cc1ccccc1,-19.548403
CCNc1cc(NC(C)(C)C)ccn1,-23.260365
N#Cc1ccc(C2CCOCCN2)cc1,-20.758827
COc1ccccc1S(N)(=O)=O,-17.483135
Nc1cn2c(n1)CN=C2,-24.073309
CCNC1(C#N)CCSC1,-16.453728
CC(N)CCC(O)Cc1ccccc1,-21.19077
Cc1ccncc1C(C)NC(=O)C(C)N,-24.16497
CCNC1(C#N)CC2(CCC2)C1,-17.77338
CCC(C)CC(N)CNCc1ccccc1,-20.97679
O=CNNC(=O)c1ccccc1,-18.213842
Nc1cncs1,-21.341293
COCC(C)(N)CSCc1ccccc1,-16.385077
N#Cc1cnn(CCN)c1,-21.229137
CCOCCOc1ccncc1C#N,-15.661394
CN1CCN(CC(N)=O)C1=O,-21.076553
C#CCC(NN)c1cncnc1,-22.371746
CC(=O)N(C)c1ncccc1C#N,-18.633736
OC1CCN(Cc2nccs2)CC1,-21.128857
CC(C=O)=Cc1cnccc1C,-19.60723
CCNC(Cc1ccccn1)CC1CCCCC1,-20.532293
COCCNCCc1ccc2c(c1)CCCN2C,-17.086384
CC1CC(O)CCN1Cc1ccsc1,-19.65609
Cc1ccncc1OCCCCC(N)=O,-20.485186
COc1ncnc(C)c1N,-20.17856
CC(C)=C1CCCCCC1N,-20.729383
Cc1ccncc1CC(C)(C)N,-21.493786
CN1C(=O)C(CC(N)=O)NC1=S,-28.102566
CC(O)(C(=N)N)c1ncccc1C#N,-25.205837
c1ccc(CCCCNCc2ccccn2)cc1,-19.247974
CN1CCCc2cccc(CCCC#N)c21,-17.442604
CCC(c1ccccc1)C(C)NN,-19.286198
N#Cc1cccnc1NCC(N)CO,-28.056032
CCC(=O)c1cncnc1,-19.444874
CSc1cc(C)ccn1,-18.11494
Cc1ccncc1C(C)(C)CC(C)O,-18.998186
Cc1cccc(CC2CN(C)CCN2)c1,-22.493225
CCNc1ncccc1CSC,-21.044924
C=CCNCCOc1cnccc1C,-18.652027
CC(C)(C)c1ccc(C#N)cn1,-17.86959
NC1CC2CCC12,-20.12915
COCC(C)CC(=O)Nc1cnccc1C,-17.783184
C=C(C)CCNC(N)=Nc1ccccc1,-22.17377
CCNc1ncc(N)c(N)n1,-27.5626
CCONc1ccc(C#N)cn1,-18.886202
CCN(CC)c1ncncc1N,-20.734718
CCCNC(=O)COc1cnccc1C,-18.53854
CCC(=CCc1ccccc1)C(=O)O,-14.473061
CCCNc1ncncc1N,-24.209589
CCNc1cc(C(=O)N(C)OC)ccn1,-21.143898
C=CCCC(NCC)c1cnccc1C,-19.244047
CCOCCCC(N)Cc1ccccc1,-17.92652
COC(=O)c1ccccc1C(N)CS,-21.67747
COC(OC)C(=O)Nc1cnccc1C,-17.907902
C=CCNC(=O)c1ccc(NCC)nc1,-23.151123
COCC(C)(C)Nc1ncccc1C#N,-18.54126
CC(=O)CSCC(=O)NCc1ccccc1,-18.847172
CCCCCN(C)c1ccc(C#N)cn1,-17.191309
CCCNCC(C)Oc1cnccc1C,-17.855753
CC(CCc1ccccc1)Nc1ccccn1,-20.738674
CC(=O)OCC(=O)c1ccccc1,-15.473758
CCOCC(NC)c1cnccc1C,-18.944622
CC(CN)CNc1ccncc1C#N,-24.30074
N#Cc1ccc(C2OCCNC2=O)cn1,-23.73935
CCNc1cc(CNC(C)C)ccn1,-23.139427
NN1C(=O)COC1=O,-18.264624
NCC(O)c1ccccc1S(N)(=O)=O,-24.745354
Cc1ccnc(C#CC(C)(C)O)c1,-19.059734
CNC(=O)CCCNc1cc(C)ccn1,-22.088512
CC12CCCC1C(=O)N2CC(N)=O,-18.08279
COC(=O)CCSc1ccncc1C#N,-16.622965
CCNc1cc(COC)ccn1,-18.997938
NCC(SCc1ccccc1)c1cccnc1,-23.526016
Cc1ccnc(NCC(C)CC(C)O)c1,-21.595015
CNCC(C)C(O)c1cnccc1C,-21.263025
NC1CC2(C1)NCCO2,-22.448856
COCC(COC)Nc1cc(C)ccn1,-17.267475
CCC(N)CNC(=O)c1cnccc1C,-24.875404
NC(=O)NC(=O)c1ccncn1,-26.24173
N#Cc1cccnc1NCCO,-22.446423
CC(NCCC1CCCCC1)c1ccccn1,-21.685993
CNCCCCc1cccc(C(=O)OC)c1,-15.751154
Cc1ccncc1CNC(=O)C(C)ON,-22.27582
CCC(Nc1cnccc1C)C(=O)OC,-19.745691
Cc1ccncc1NC(=O)C(C)N(C)C,-21.678787
COC(C)CN(C)c1ncccc1C#N,-16.072014
CNC(C)C(=O)c1cncnc1,-22.871565
N#Cc1cccnc1SCCN,-22.17922
Cc1ccncc1CNC(=O)CCN,-23.703169
CCC(CC)NCc1cc(C)ccn1,-18.701458
C=CC(=O)c1ncccn1,-18.963097
CCOC(Cc1ccccc1)OCC,-14.0618
N#Cc1ccc(-n2ccnc2)cn1,-23.635973
CC(=O)C(C)Cc1ccncn1,-18.522373
C#CCNCc1ccncn1,-20.809431
CCCc1ncc(N)c(O)n1,-21.9301
C#CC(=O)c1cnccc1C,-16.446218
Cc1ccncc1C(N)=O,-23.16438
CCC(N)CC(=O)Nc1cnccc1C,-24.731937
Cc1ccc(C#N)cn1,-18.634687
CC1CCCC(CC(N)=O)C1,-21.218895
CCCC(CC)Nc1cccc(NCC)n1,-22.068813
CCNS(=O)(=O)c1ncccc1C#N,-21.216003
CC(N)COCc1ncccn1,-21.25309
CN1CCCc2cccc(CCON)c21,-20.351927
S=C=Nc1cncnc1,-23.607513
CCOC(=O)c1ccncc1C#N,-17.35888
CN(CCC(N)=O)c1ccncc1C#N,-23.18696
C#CCOC(=O)Nc1ccc(C#N)cn1,-19.625248
CNc1nc(N(C)C)ncc1N,-26.595745
CCCC(O)CCNc1ccc(C#N)cn1,-21.968327
CCC(C)(C)CCOc1cnccc1C,-14.855103
Cc1ccnc(NCCCCO)c1,-20.915545
CC(C)OCCNC(N)=NCc1ccccc1,-20.119356
OCC(CC1CCCCC1)NCc1ccncc1,-22.509495
Cc1ncccc1CC(N)=O,-21.885935
Cc1ccnc(CNC(C)C(C)N)c1,-25.505432
Cc1ccsc1-c1cncnc1O,-22.36126
CN(C)c1ccncn1,-20.829266
Cc1ccncc1C(=O)N(C)C,-20.210758
CCC=C1CCC(N)CC1,-20.165075
CC(O)(CN)c1ncccn1,-24.32838
Cc1ccncc1CN(C)CC(C)(C)N,-22.827396
OCC(NCc1ccccc1)c1ccncc1,-22.972076
CNC(=N)SCc1cncc(C#N)c1,-23.623327
Cc1ccncc1CNCC(C)(C)N,-24.000612
CCC(C)CC(C#N)Nc1ccccc1,-16.054913
CCOC(=O)Cc1ncccn1,-17.26399
c1ccc(CCNCCOC2CCCCC2)nc1,-18.835041
CC(C)C(CO)CNCCc1ccccc1,-17.636345
N#CCC(N)c1ccncn1,-23.904688
CCC=CC(=O)C=Cc1ccccc1,-18.582478
CCC(Nc1cc(C)ccn1)C(C)N,-24.648657
N#CC(N)c1ccncn1,-24.429956
CCCCCC(N)c1cc(C)ccn1,-20.432127
N#Cc1ccc(C2COCCCN2)o1,-20.73625
CCN(C)CCNCc1cnccc1C,-20.251888
CSc1ncc(N)c(O)n1,-23.198277
N#Cc1ncccc1N1CC2CC2C1,-21.630678
CCC(N)CCN(C)Cc1ccccc1,-20.488092
CC(C)CC(NO)c1ccccc1,-17.502123
N#Cc1cccc(C2NCCNC2=O)n1,-26.602047
CC(N)COCc1cncc(C#N)c1,-21.44218
Cc1cscc1C1NCCCC1O,-21.444061
c1cncc(CNCCOC2CCCCC2)c1,-19.94191
Cc1ccncc1NS(C)(=N)=O,-20.439781
N#Cc1ccc(-n2cnnc2)cn1,-25.118767
CCC(CS)CN(CC)c1ccccc1,-16.997303
CCNC(CC)Cc1ccccc1,-17.371986
CC(=O)NNC(C)c1ccccc1,-18.649036
C=CC(C)Nc1ccncn1,-22.041588
O=C(CC1CCCC1)Nc1cccnc1,-22.26011
CCCCC(CC)CSc1ccccc1,-13.20573
Cc1ccncc1C(N)C(O)C(C)C,-22.607756
Cc1ccnc(OCC(C)N)c1,-21.388165
COC(C)(C)C(NN)c1cnccc1C,-19.557026
CC#CCNCc1ccncn1,-21.413818
CSCC(N)c1ccncn1,-24.02407
CNC(C)CC(C)(C)c1cnccc1C,-19.404095
CC(O)Cc1ccc2c(c1)CCCN2C,-19.519781
CC(=O)Nc1ccc(O)nc1,-21.870218
CCNc1ncccc1OCC,-20.069286
NC1CCc2scnc21,-22.037388
CNCC(C)Sc1ncccn1,-21.713184
CC=CC(NC)C(O)c1cnccc1C,-22.29893
CC(CCN)CNC(C)COCc1ccccc1,-18.76785
CCNc1ncccc1CSCCN(C)C,-21.978851
Cc1ccnc(C(CN)CO)c1,-23.331242
C#CCCCCCSc1ccccc1,-13.476462
CCNc1cc(NCCC(C)C)ccn1,-22.152401
C#CC(CO)Nc1ccnc(NCC)c1,-23.692814
N#Cc1cccc(N2CCCO2)n1,-19.426346
Cc1ccncc1CNC(C)(C)CCO,-20.725653
Cc1ccnc(CNS(N)(=O)=O)c1,-23.473122
CSCCNCc1cncc(C#N)c1,-20.1585
N#CC1CC(CCN)C1,-21.207205
CNC(COC(C)C)c1cnccc1C,-18.940912
N#Cc1ncccc1C1CC(=O)CCN1,-21.9354
CCC(C)Sc1ccncc1C#N,-17.705894
CC(N)c1cc(C#N)sn1,-23.61184
CC(C)Oc1ncc(N)cn1,-20.174547
SCCc1cncnc1,-22.51976
CCCCNc1ccncn1,-20.814587
CCSCCC(C)Nc1ncccc1C#N,-20.102123
COCCNc1ccncn1,-20.281189
CCNCC(O)c1ccncn1,-24.401218
C#CC(C)NC(=O)COCc1ccccc1,-15.725233
Cc1ccccc1N(C)CCC1CNCCN1C,-21.538307
Cc1ccncc1CNC(C)C(C)O,-22.707613
CC(O)c1ccc2c(c1)CCCN2C,-19.446867
CCCN(Cc1ccccc1)CC(N)COC,-18.620972
CC(Cc1ccccc1)NCCc1cccnc1,-20.59835
Cc1ccsc1C1CC(O)C12CCCC2,-21.33967
CCNCCCc1cnccc1C,-19.396679
NC1Cn2cncc2C1=O,-23.245499
CCCN(CC)CCSc1ccccc1,-14.384893
CC(O)(CCN)CCCOCc1ccccc1,-15.738622
CC(N)CCSCCCc1ccccc1,-17.934792
NNc1ccccc1S(N)(=O)=O,-22.932434
COCC#CCNCc1cc(C)ccn1,-17.711758
CCNc1cc(COCC(C)C)ccn1,-18.496479
CC(C)c1ccncn1,-18.97301
NC1CCS(=O)(=O)CC1=O,-19.036205
COCCNC(=NN)Nc1cnccc1C,-22.573538
Cc1ccncc1CCC(=O)C(C)C,-16.664013
Cc1ccncc1C(=O)NCC(C)(C)N,-24.23175
CC#CCC(O)COc1ccccc1,-16.58595
CC(=O)Nc1cn(C)cn1,-22.15355
NC1CCC1,-20.020947
C=C(C)Cc1cncnc1,-19.253647
CCCNCc1cccc(NCC)n1,-22.353338
C#Cc1ncccn1,-19.271198
CCN(CC)c1ccc(C(=O)OC)cc1,-14.298069
CCCC(NC)c1ncccn1,-20.011719
COCCCCNc1ccncc1C#N,-18.099455
CNCCC(O)c1cncnc1,-23.782032
OC(=NCc1ccccc1)c1ccncc1,-20.719612
N#Cc1cccnc1NCCOC(N)=O,-25.304306
Cc1ccsc1C1CCCCCC1O,-19.713448
C#CCc1cccc(C(=O)OC)c1,-13.637307
CC(O)CCCNc1ccc(C#N)cn1,-22.343224
O=C(C#Cc1ccccc1)c1cccnc1,-19.170048
COCCC(=O)c1ccncn1,-17.945671
CNC(=NCc1cc(C)ccn1)NC,-21.589155
CC#CCOc1ncccc1C#N,-17.063335
Cc1ccncc1C(O)CC(C)(C)C,-18.112488
C#CCNCC(=O)NCc1ccccc1,-19.228832
C#CC(C)N(C)c1cc(C)ccn1,-17.84383
Cc1ccsc1C1(O)CC2CCCC21,-18.887024
CC=CC(NC)c1ncccn1,-22.544018
CC#CCCNCc1cnccc1C,-20.029518
CNC(C)c1cncc(C#N)c1,-20.951845
CC=CC(=O)Nc1cc(C)ccn1,-21.183872
C#CC(C)Nc1ccncn1,-21.363876
NC1=NC(=O)CN1,-22.841034
CCNc1ccc(COC)cn1,-19.16195
COC(Cc1cc(C)ccn1)C(=O)O,-17.379967
CN1CCCc2c(CO)cccc21,-18.934902
C#CC(N)c1cncnc1,-23.244835
N#Cc1ccc(C2COC(=O)C2)cn1,-19.66911
CC(Cc1ccccc1)NOC(C)(C)C,-14.826517
N#Cc1ccccc1S(N)(=O)=O,-19.376915
CC(=O)C(O)c1cc(C)ccn1,-19.674084
COC(C)CCC(=O)Nc1cnccc1C,-18.117172
CNc1ccc(C#N)cn1,-21.678257
NC12CC(C1)C2,-19.674608
N#CCc1ncccc1C#N,-18.123245
CC(CCN)c1ccc2c(c1)CCCN2C,-19.592905
NC(Cc1ccncc1)c1ccccc1,-23.328094
Cc1ccncc1C(C)NN,-21.81435
CNC(C)CNc1ccncn1,-24.905113
CCCC(CC)Nc1cnccc1C,-18.80851
Nc1cncnc1O,-23.423683
CC(c1cccs1)N1CCC(O)CC1,-20.684694
CC(C)=C1CC(N)C12CCC2,-20.940414
OC1(Cc2ccsc2)CCC1,-19.150286
NC1Cn2nccc2C1=O,-22.830664
CCNc1cccc(C(=O)O)n1,-23.536438
c1ccc(CONCCNc2ccccn2)cc1,-21.64608
CCNCCc1ccc(C(=O)OC)cc1,-16.86699
CCSCCCNCc1cnccc1C,-18.882439
COCCNCCNc1cc(C)ccn1,-20.2765
O=C(CNc1ccccn1)NC1CCCCC1,-23.770893
Cc1ccncc1COC(CN)C(C)C,-20.102186
CC#CCSCc1cc(C)ccn1,-18.495792
C#CCCNc1ccccc1S(N)(=O)=O,-20.852856
CC(=O)COc1cncnc1,-19.250942
C#CCC(O)CNCc1cnccc1C,-21.278055
NC1C2CC3C(C2)C13,-20.723122
CC(C)NC(=N)c1ncccn1,-22.509363
CCNCC(=O)c1cnccc1C,-20.796604
COCC(C)CNc1ccncc1C#N,-18.744673
CCC(C=O)=Cc1cnccc1C,-19.268353
NC(=NO)C(CNCCCO)c1ccccc1,-23.554253
CCC(C)CC(NN)c1cnccc1C,-19.93657
C=C1CC(N)C1,-19.508427
CCC(C)CCC(=O)Nc1cnccc1C,-18.61157
CCCNCCNc1ccc(C#N)cn1,-22.025425
COC(=O)c1ccc(OCCCS)cc1,-16.552948
CCC(C)(N)Cc1ccncn1,-21.858624
CCCCCNC(C)c1cc(C)ccn1,-18.126516
N#CC#Cc1ccccc1,-15.647008
NCCCN(Cc1ccccn1)C1CCCCC1,-22.333344
NC(COCc1ccccc1)Cc1ccccn1,-22.065903
Cc1ccncc1NC(=O)CC(N)=S,-28.876825
N#Cc1ccc(N2CC3CC2CN3)cn1,-24.529919
OC1CCN(CC2CCCO2)CC1,-19.0035
COC(=O)COc1ccncn1,-17.972158
CCNC1(C#N)CC2CCCCC21,-17.810291
OC1CCN(CCc2ccsc2)CC1,-20.197166
N#Cc1ccc(NCC(N)=O)nc1,-26.230778
NC12C3CC1CC2C3,-20.089619
CNC(=O)c1cncc(C#N)c1,-21.329443
N#Cc1cccc(C2CCC(=O)N2)n1,-24.389938
N#Cc1cccc(N2CCCCC2)n1,-21.657501
COCCCNCc1cnccc1C,-17.58123
CCNC(C)CC(=O)Nc1cnccc1C,-22.990883
C#CCC(NC)c1cc(C)ccn1,-19.275557
NN(c1ccccc1)c1ccccn1,-22.55229
COC(=O)C(C)Cc1cnccc1C,-15.974324
COC(C)CNC(C)c1cnccc1C,-18.009254
Cc1ccnc(NC(C)CC(=O)O)c1,-21.658852
Cc1ccncc1NC(=O)C(N)C(C)C,-24.199883
N#Cc1cncc(CNCCC(N)=O)c1,-25.251938
N#Cc1ccc(N2CCCCC2)cn1,-21.904037
C=C(C)CN(C)c1ccnc(NCC)c1,-21.456165
CN=C(N)SCc1cncc(C#N)c1,-23.894386
Cc1ccncc1COCCNC(C)C,-18.30826
C#CC(O)c1cc(C)ccn1,-19.140636
C#CCONCc1ncccn1,-18.630676
NCC1CCCCN1Cc1ccsc1,-22.358196
CCNC1(C#N)CCC2CCC1O2,-17.427029
C=CCOC(=O)c1ccccc1,-14.055897
CN(C)CC(O)c1cncnc1,-23.064213
CC(O)(Cc1ccccc1)c1cccnc1,-20.55529
Cc1ccncc1C(O)CC(C)N,-23.926731
Cc1ccsc1C1(O)CCCNCC1,-21.610592
CC(=O)NCCSc1ncccc1C#N,-20.760809
OC(CNCc1cccnc1)c1ccccc1,-23.372551
N#CCC(Sc1ccccn1)c1ccccc1,-18.928377
CN1CCC(C(O)C#N)c2ccccc21,-20.029493
COC(=O)Nc1cc(C)ccn1,-19.636375
NCc1ncccc1N1CCCOCC1,-23.978165
CC(CNCc1ccccc1)c1ccncc1,-20.054108
CNC(CCO)c1cnccc1C,-21.51922
O=C(COc1ccccc1)Nc1ccccn1,-21.168045
CCOCCNC(C)c1cc(C)ccn1,-18.265987
CN(c1ccncc1C#N)C(C)(C)CN,-22.401894
COc1ncc(N)c(C(=O)O)n1,-22.450064
CC(C)CC=C1CCCCC1N,-18.855724
C=C=CCC(O)CCc1ccccc1,-16.46008
Cc1ccncc1CNC(C)CN(C)C,-21.57711
CN1CCCc2c(CCC#N)cccc21,-17.72804
CNCc1cccc(S(N)(=O)=O)c1,-21.564667
CNC(c1cc(C)ccn1)C(C)C,-19.39969
CCOC(=O)CNC(=O)c1ccccc1,-16.887537
NCCOc1cccc(S(N)(=O)=O)c1,-21.67023
CCNC(COC)c1cc(C)ccn1,-19.104538
COC(=O)c1ccccc1CNCC(C)O,-19.011713
OC1CC2CCC1N(Cc1ccsc1)C2,-20.276882
CC1CCCNC1CC(N)=O,-22.473772
CCCNC(c1ccccc1)C(C)O,-18.000587
CCNC1CCNCCC1C#N,-21.182045
CSCCCN(C)c1ncccc1C#N,-16.944485
N#Cc1cccc(OCCN2CCOCC2)c1,-17.633732
CC(C)CCNC(=O)Oc1ccccc1,-15.336403
CNCCCc1ccccc1,-17.134361
C=C(CSc1ncccn1)OC,-19.21011
CCC(CC)C(N)c1cnccc1C,-20.250072
Cc1cncc(=O)n1CC(N)=O,-22.630808
COC(=O)NCCNc1cc(C)ccn1,-21.327385
CNCC1CCCN(Cc2ccsc2)C1,-21.193197
CC1C2CNCC2CN1CC(N)=O,-22.417423
c1ccc(CCNC2CCCCC2)nc1,-20.10682
C=C(CC)CNc1ccc(C#N)cn1,-20.72796
CC=CCNS(=O)(=O)c1ccccc1,-18.315231
CC(N)c1cc(C#N)ns1,-23.787903
COCCNc1ncncc1N,-23.145256
CCCN(C)c1ccnc(NCC)c1,-20.640825
CSCC(C)C(N)c1cnccc1C,-21.207895
CCNC1(C#N)CCCNC1,-19.152855
CCC(CCO)Nc1ncccc1C#N,-21.383984
CCCNC(C)c1ccc(C#N)cn1,-19.872976
CCCCOC(=O)c1ccc(C#N)cn1,-16.421703
CCCC(O)c1ccncn1,-20.67537
CCNc1ncccc1C(=O)OCC,-19.995758
OCCNCc1cncnc1,-23.245667
C#CCNCCCc1cnccc1C,-18.21761
NCC(COc1cccnc1)C1CCCCC1,-22.919239
CN(C)NCc1ncccn1,-22.649988
Cc1ccncc1C(C)(C)CON,-19.759647
CON(CCN)Cc1cncc(C#N)c1,-21.94537
CC(N)c1ncc(C#N)s1,-22.649994
Cc1ccnc(NCCCNC(C)C)c1,-22.00211
NCC(c1ccccc1)c1cccnc1,-22.268562
CCCONCc1ncccn1,-18.327341
C#CCN(c1ccncc1C#N)C(C)C,-18.111849
CC(C)C(C)N(C)CCc1ccccc1,-15.732027
COC(=O)c1ccccc1NC(=O)CSC,-17.868298
CC(C)=CC(=O)Nc1cc(C)ccn1,-21.269634
CC(CN)(CCCCO)c1ccccc1,-19.4052
SCC(CSc1ccccn1)c1ccccc1,-21.051928
CCC(C)CNCc1ccccc1C(=O)OC,-15.308007
CNC(Cc1ccccc1)C(N)=O,-23.665697
Cc1ccsc1-c1ccc(O)cn1,-21.232536
CCOC(=O)c1ncccn1,-17.694515
CC(=O)C(C)Cc1ncccn1,-17.69964
COCCNC(C#N)c1cnccc1C,-18.956882
C#CCC(CC)Nc1ccc(C#N)cn1,-19.221172
CCC(C)(C)NCc1cncc(C#N)c1,-20.351818
N#Cc1ccc(C2CNCCOC2)s1,-19.964336
OCCNc1ccncn1,-23.577606
COC(=O)c1ccccc1CCCS,-16.833275
C=CC(CO)Nc1ccncc1C#N,-22.117653
Cc1cccc2c1CCCN2C,-17.900326
NC1CNCCOC1,-22.678213
CCCC(C)NCc1cncc(C#N)c1,-19.934824
COC(=O)c1cccc(C=CCO)c1,-17.244104
N#CC=C(c1ccccc1)c1ccncc1,-18.380587
COC(=O)c1cccc(O)c1,-16.521868
N#Cc1cnccc1OCCO,-18.815882
CC1CN(CC(N)=O)CCC1=NO,-21.602768
COC(C(N)=S)c1ncccn1,-23.889692
CC(C(=O)NO)C(N)c1ccccc1,-21.882286
CC(CCCc1ccccc1)=NO,-16.884438
Cc1ccncc1COCCN,-19.95162
CCN(CC)Cc1ccc(C#N)cn1,-17.898132
CC(N)c1nnc(C#N)o1,-22.738272
CCCC(C)(C)Nc1cc(C)ccn1,-19.102695
CCNc1cccc(NCC(C)O)n1,-26.28494
N#Cc1csc(C2CCNCCO2)c1,-19.764961
CC(C)(O)CNc1ccc(C#N)cn1,-21.63176
CCNc1cccc(OC(C)CC(C)C)n1,-18.958956
Cc1ccsc1-c1cncc(O)c1,-21.339619
N#CCCc1ncccn1,-18.685017
CNCC(O)c1ccc(C(=O)OC)cc1,-19.593771
CSCC(C)CNc1ccncc1C#N,-20.158989
CSC(C)CNc1cc(C)ccn1,-21.756023
N#Cc1ncccc1N1CCCC1,-20.627909
C=CCC(C)C(=O)c1cnccc1C,-16.585154
CC(C)(N)COCc1ccccc1,-17.214779
Cc1ccncc1C(NC(C)C)C(=O)O,-21.793217
N#Cc1ccc(C2CNC(=O)C2)cn1,-23.22042
Cc1ccnc(N(C)C(C)(C)CO)c1,-19.252632
CN(CC=O)c1ncccc1C#N,-17.863312
NOCCNc1ccccc1S(N)(=O)=O,-24.18804
C#CCNCCOc1cnccc1C,-18.066412
CC12CSCC1CN(CC(N)=O)C2,-20.34098
C=CC(C)Oc1ccnc(NCC)c1,-19.358679
N#Cc1cccc(-c2nnco2)n1,-23.820875
CNCCc1cc(C)ccn1,-19.819689
Cc1ccncc1NCCCC(C)C,-18.965343
CCCN(C)Cc1cccc(NCC)n1,-21.270082
NC1CC(=O)N2CCCC12,-21.355003
OC1CCN(CC2CCSC2)CC1,-19.609177
O=C(Cc1ccncc1)Nc1cccnc1,-23.90736
CN(C)CCCSc1ccc(C#N)cn1,-19.065744
COc1cccc2c1N(C)CCC2,-16.606758
CCNc1ncccc1CN(C)CC,-21.5051
N#Cc1cc(N2C3CCC2CC3)ccn1,-20.033365
COCC(O)c1ccccc1C(=O)OC,-15.137533
CCNCC(Cc1cccnc1)c1ccccc1,-21.00798
CS(=O)(=O)NCCN1CCOCC1,-18.140312
COCCCC(N)CCc1ccccc1,-17.26426
CCOC(=O)CCC=Cc1ccccc1,-15.601437
CC(C)=CCCc1cnccc1C,-17.417454
CCNc1ncccc1CNCC(C)C,-22.502869
COC(=O)c1ccc(NC(C)=O)cc1,-18.017384
CC(CN(C)C)Nc1ccc(C#N)cn1,-22.48057
CSCCCNc1cnccc1C,-19.564548
C=CC(C)(C)Nc1ncccn1,-20.585405
C=CC(N)c1ccc2c(c1)CCCN2C,-20.513634
C=CCSc1ccnc(NCC)c1,-20.620386
CC1CCCCN(CC(N)=O)C1=O,-20.51955
CC(=O)C(C#N)c1ccncn1,-20.550304
C=C(C)CN(C)c1cc(C)ccn1,-18.38393
CCOCCN(CC)c1ccc(C#N)cn1,-16.399105
SCC=CCSc1ccncn1,-24.315825
CCSCC(C)Nc1ccncc1C#N,-20.818787
CC(=O)CCCC(C)c1ccccc1,-13.045872
CC=CCS(=O)(=O)c1ccccc1,-15.294991
COc1nc(N(C)C)ncc1N,-21.80946
C#CCC=C1CCCCC1N,-18.757727
Cc1ccncc1CNC(=O)CC(=O)O,-22.149237
Cc1ccncc1OC(C)C(C)O,-18.448845
CC(C)C(C)SCc1cncc(C#N)c1,-19.999296
CCCCC(C)(N)c1cnccc1C,-20.547853
CC(C)NCCOc1ccc(C#N)cn1,-19.696293
COC(CN)CC(c1ccccc1)C(C)C,-16.590881
O=C(Cc1ccon1)Nc1cccnc1,-23.179495
NS(=O)(=O)c1ccccc1C#CCO,-20.766375
CC(N)C(C)C(O)Cc1ccccc1,-21.740126
CC(NO)c1ccncn1,-22.706566
CNCC(C)Oc1ccncc1C#N,-19.732523
Cc1ccnc(CSC(C)C)c1,-17.36669
CC(Cc1ccncc1)NCc1ccccc1,-21.259241
CN1CCCc2c(C(O)C#N)cccc21,-19.791529
CCCC(=O)Nc1ccc(C#N)cn1,-20.429998
CCC(CCc1ccccc1)C(=O)OC,-12.968724
Cc1ccncc1CC(N)=NO,-23.921883
CC(C)(C)CC=C1COCC1N,-17.539162
CCCOCc1ccnc(NCC)c1,-18.291254
C=CCCCOc1cccc(NCC)n1,-18.868773
Cc1ccncc1C(=O)NOCC(=O)O,-20.292933
CCC(O)C(C)(C)c1ccccc1,-15.915189
Cc1ccncc1CCCCNCC(C)C,-17.779627
CC(CCN)SCCOc1ccccc1,-17.973717
OC1CCC2CC1CN2Cc1ccsc1,-20.831219
CCCCSc1ccc(C#N)cn1,-17.240984
NC1COC2(COC2)C1,-21.421581
C=CCC(COCc1ccccc1)NN,-17.093187
CCN(CCCCO)Cc1ccccc1,-15.809114
CCCN(OC)c1ccnc(NCC)c1,-19.770695
COC(=O)c1cccc(CCS)c1,-17.466934
CSCCNc1ccccc1S(N)(=O)=O,-20.82876
Cc1ccnc(C(N)CS)c1,-25.130667
CCCNCc1cccnc1NCC,-22.16809
CCCCNC(=O)Nc1ncccc1C#N,-21.68186
N#Cc1ccc(NCC=CCN)nc1,-27.274136
CC(O)CN(C)c1ncccc1C#N,-20.270115
NC1=NC(=O)C2(CC2)S1,-20.810085
C=CC=C1CCOCC1N,-19.637644
Cc1ccsc1C1(O)CCCC12CC2,-19.633472
CCOC(=O)C(N)CCc1cnccc1C,-20.573586
C=CCNc1ncncc1N,-25.037031
N#Cc1cccc(C2CCCNC2)n1,-22.372269
CCC(CNCc1ccncc1)c1ccccc1,-20.17417
NC(=O)CC1(c2cccs2)CCCCC1,-20.497726
CC=CCCNc1ncccn1,-20.944923
CCC(CC)(CO)Sc1cc(C)ccn1,-18.562378
NC(CCc1ccccc1)C(O)C(=O)O,-21.811972
Cc1ccncc1CNCCCN(C)C,-20.47032
N#Cc1cncc(CSCC(O)CO)c1,-22.984177
Cc1ccncc1CNC(C)(CO)CO,-22.621502
CC=CC(=O)NCCCCOCc1ccccc1,-15.224746
CCCNC(C)C=Cc1cnccc1C,-22.076794
CN1CCCc2cc(C(N)=NN)ccc21,-24.221863
CCNc1cc(NCC(C)SC)ccn1,-24.53777
CCCC(CN)Nc1cc(C)ccn1,-23.307987
CCC(C)CSc1ncccn1,-17.166035
CC(C)(N)COc1ncccc1C#N,-20.213333
CCNc1ncc(C#N)cc1C,-22.217312
CCCC(C)CC(=O)c1cc(C)ccn1,-15.8064
N#CCC1CCN(Cc2ccsc2)CC1,-17.821018
N#CCCc1ccncn1,-19.507751
NCCNc1ncc(N)cn1,-27.830048
CC(C)(c1ccccc1)C(O)CN,-20.540289
NC1COCC1=O,-18.832787
C=C(C)CCOc1cccc(NCC)n1,-19.710035
CC(=O)Nc1cncc(C#N)c1,-21.835472
CCNc1ccc(CSCC(C)CO)cn1,-21.917034
CCCOCCCNc1cc(C)ccn1,-17.443373
CCNc1cccc(CSC(C)(C)C)n1,-20.695164
C=CCSc1ccc(C#N)cn1,-18.437479
Cc1csc(C2OCCC2O)c1,-17.919998
CC=C1CCC(N)CC1,-20.448708
CC#CCC(NN)C(C)OCc1ccccc1,-17.659313
CC#CCCNCc1cc(C)ccn1,-19.820435
CCC(COC)NCCc1ccccc1,-14.946315
C#CCN(CCC)c1ccc(C#N)cn1,-17.164732
CCC(C)CNc1ncccn1,-19.729225
CNC(=N)c1cc(C)ccn1,-22.03192
CCNc1cccc(CNCC(C)C)n1,-22.688112
CN1CCCc2cc(C(N)=O)ccc21,-22.789686
COC(CCN)c1cc(C)ccn1,-19.21463
CC(C)(N)Cc1cncnc1,-23.330868
CC(=O)NOCc1ncccn1,-18.979494
CC(C)(C)OCc1cncc(C#N)c1,-16.691208
CC(C)(C)SCc1ccc(C#N)cn1,-17.99383
CCNc1ccc(CN(CC)OC)cn1,-20.11181
CCC(Nc1cnccc1C)C(=O)O,-22.481083
CNC(CCc1cnccc1C)C(C)C,-19.0944
CCCNC(=NN)c1cnccc1C,-21.430988
Cc1ccnc(C(C)(C)C(N)=S)c1,-24.062344
CN(CCC#N)c1cncnc1,-20.912622
CN(CCNCc1cccnc1)C1CCCCC1,-22.389908
CCNCCOc1ncccc1C#N,-19.172016
Cc1cnccc1CC(N)=O,-22.634415
NC1CC2CCSC2C1,-20.108961
Cc1ccncc1OCC(=O)O,-19.00747
N#Cc1cc(C2CCCCC2)ccn1,-20.155043
CC(CNc1ncccc1C#N)CC(=O)O,-21.4804
CNc1ncc(N)c(N)n1,-27.390041
CCC(C)Nc1ccncn1,-21.44296
CCCNCCN(C)CCOCc1ccccc1,-15.407694
Cc1ccncc1C(NN)C(C)C,-20.771868
CCNc1cc(N(C)CCC#N)ccn1,-21.84626
CN1CCCc2cc(CC(O)CN)ccc21,-23.685585
C#CCC(O)CNc1cc(C)ccn1,-21.84688
C=CCSCc1ccc(NCC)nc1,-20.76278
CC(=O)NC1(C)CCCNC1,-17.759222
C#CCN(C)c1ccccc1C(=O)OC,-14.459284
Cc1ccnc(CC(N)C(=O)O)c1,-23.770662
O=C(CC1CCCCC1)Nc1ccnnc1,-24.182333
O=C1CCCC(CN2CCC(O)CC2)C1,-19.609146
CCCNC(=N)SCOCc1ccccc1,-17.829315
N#Cc1ccc(OCC(=O)O)nc1,-19.686964
CNC(C)CCc1cncnc1,-21.598442
CCCC(=N)NCc1cc(C)ccn1,-21.28471
CC(=O)NCCNc1ccncc1C#N,-23.238327
COC(=O)c1nscc1S(N)(=O)=O,-21.491522
CC1CCCN(CC(N)=O)C1=O,-20.241259
CCC(C)CNCc1cc(C)ccn1,-18.417395
COCCCC(=O)COCc1ccccc1,-11.908282
CCNC(C)CC(OC)c1ccccc1,-15.591548
OC1(Cc2ccsc2)CCSC1,-18.523308
CC#CCCNC(C)c1cnccc1C,-19.906685
CCC(Nc1cc(C)ccn1)C(=O)O,-22.355463
OC1CCN(CC2CCNC2)CC1,-21.946716
C=CCCCC(=O)c1cc(C)ccn1,-16.66867
CCNCC#Cc1ccncn1,-22.439753
CC(C)C(=O)COCc1ccccc1,-13.528227
C=CC(N)C=Cc1ccccc1,-20.416029
Cc1ccnc(NC(=O)C(C)S)c1,-24.246199
CCNC(c1cc(C)ccn1)C(C)CC,-19.009481
N#Cc1ccc(CCC2CNCCO2)cc1,-20.522861
CC(C)C(C)C(CN)NCc1ccccc1,-21.22027
CC(N)c1cc(C#N)no1,-22.259666
COC(=O)c1cccc(NCC(C)C)c1,-16.875381
CN1CCCC(CC(N)=O)C1,-22.906427
O=C(CC1CCNCC1)Nc1cccnc1,-24.83038
CC(C)C(N)CCCOc1ccccc1,-16.89833
CNCC(=Cc1ccncc1)C1CCCCC1,-23.28752
CN(CCCNc1ccncc1)c1ccccc1,-21.74586
CC(CCCO)NC(=O)CSc1ccccc1,-19.195353
NNC(c1cccnc1)C1CCCCC1,-23.29707
CC(Cc1ccsc1)N1CCC(O)CC1,-20.769215
CCONCc1cncc(C#N)c1,-19.36505
CCC(O)(CN)c1cnccc1C,-23.591457
NC1CC(=O)C2SC=CC12,-20.249292
COCC(N)c1ccncn1,-22.609753
COC(C)C(C)(O)c1cnccc1C,-17.875633
N#Cc1ccc(C2CNCCCO2)s1,-19.36199
Nc1c(O)ncnc1S,-25.247528
CCC=CCNc1ccncn1,-24.08626
C#CCCCCNc1ncccc1C#N,-19.401093
CC(O)(C=O)c1cncnc1,-20.429556
CS(=O)(=O)Nc1ncccc1C#N,-21.399942
CCNC1(C#N)CC2COCC21,-17.045736
CN1CCCc2cccc(CC(=N)N)c21,-25.693657
CC(=O)NC1(C)CCOC1,-15.371245
Nc1ccns1,-21.881489
N#Cc1ccc(NCCOC(N)=O)nc1,-25.519886
CC(CN)(c1ccccn1)C1CCCCC1,-23.977749
Cc1ccncc1CC(N)C(C)C,-20.851248
N#CCc1cncc(C#N)c1,-18.567324
CC1CNC(=O)N(CC(N)=O)C1,-23.31172
CC(C)CCNCC(C)Oc1ccccc1,-15.261566
COC(C)CC(O)c1cnccc1C,-17.588585
C=CCCCC(O)c1cc(C)ccn1,-18.334038
CC(CNCc1ccccn1)Oc1ccccc1,-19.802845
COCCN(C)Cc1cncc(C#N)c1,-17.786377
NC1COCOC1,-19.4971
NC1CC12CCSCC2,-20.977936
COCC(C)=C1COCC1N,-18.411491
CCNC(C(=O)OC)c1cnccc1C,-19.072388
CC(=CCNCc1ccccc1)C(=O)O,-19.742369
CCCC=C1CCCC1N,-18.582829
CCC(N)C(=O)NCc1cc(C)ccn1,-24.079575
C#CCNC(CC)C(C)c1ccccc1,-15.900301
CC(C)c1nc(O)ncc1N,-22.992851
COC(=O)c1ccc(CCC=O)cc1,-14.450322
CC(C)OCCOc1ccncc1C#N,-15.657679
CC#CCC(NN)c1cc(C)ccn1,-21.386843
O=CC1CCCN(Cc2ccsc2)C1,-18.687706
NC1=NC2(COC2)C(=O)N1,-22.99067
NC1CC12CCC(=O)CC2,-20.4917
CC(CCNCc1cccnc1)c1ccccc1,-19.353556
CC1CCN(CC(N)=O)C(=O)C1,-20.7075
CC(NCCC1CCCCC1)c1cccnc1,-21.666203
Cc1ccncc1CC#N,-17.80986
CCNC(CN)c1ccncn1,-26.260796
N#Cc1cccnc1OC(=O)CO,-18.705473
NC1CNC(=O)CCC1=O,-22.249668
C=CC(=O)c1cnccc1C,-18.27275
CCOCC(=O)NOCc1ccccc1,-14.422032
COC(C)CC(N)c1cnccc1C,-20.007412
CC(O)CC(c1ccccc1)C(C)C,-16.152609
CCCOc1ccnc(NCC)c1,-19.143757
CC(O)CNc1ccncn1,-24.499207
N#Cc1ncccc1C1CC(=O)CO1,-17.903067
N#Cc1ccc(NOCC(=O)O)nc1,-20.815977
Cc1ccncc1C(C#N)NC(C)C,-21.427546
CCCCN(CCO)c1cc(C)ccn1,-17.917809
COC(=O)Nc1cncnc1,-21.484482
N#Cc1ccc(NO)nc1,-21.942604
Cc1ccnc(SCCCO)c1,-18.788486
Cc1ccnc(NC(=O)NCC(C)O)c1,-24.897478
NC1Cc2sccc2C1=O,-21.494202
NC1CC(=O)c2cscc21,-21.912283
CCNCC(O)CCN(C)Cc1ccccc1,-20.994034
CSC(C)(C)C(NN)c1cnccc1C,-21.732277
COC(=O)c1ccccc1OC(C)(C)C,-12.786861
CC(CO)(NCCN)c1ccccc1,-22.807945
CC(CC(N)=O)Nc1ccncc1C#N,-25.29713
NC(COCc1ccccc1)Cc1ccncc1,-22.494099
CCS(=O)(=O)c1ncccn1,-16.906326
Cc1ccnc(CNCCCCO)c1,-20.13763
CON(CCN)c1ccncc1C#N,-21.429932
CN1CC(CCO)Cc2ccccc21,-19.44901
C=CCCCC(C)Nc1cc(C)ccn1,-18.6551
Cc1ccccc1CCNCC1CNCCN1C,-21.999445
CC(C)(C)NCC(O)COc1ccccc1,-19.125814
COC(CO)c1cncnc1,-19.193306
CCc1ccccc1,-14.907419
CCNc1ccc(CC(=O)OC)cn1,-19.78078
COC(=O)c1cccc(C=NN)c1,-17.815119
CCNc1ccc(CN(C)OCC)cn1,-20.485052
CCC(=Cc1cnccc1C)CN,-23.857227
O=C(CSC1CCCCC1)Nc1ccncc1,-21.971104
CCCOC(=O)c1cncnc1,-17.973942
Cc1ccsc1C1CC(O)CN1,-22.32587
CCNC(=NN)c1cnccc1C,-22.85189
NCC(Cc1ccccn1)C1CCCCC1,-22.960762
Cc1ccncc1C(N)C(C)C(C)C,-21.283598
Cc1ccncc1CNC(=O)OC(C)C,-18.46997
CC(SCCOCc1ccccc1)C(=O)O,-15.251133
CC(N)CC(=O)NCc1ccccc1,-21.595486
CC(C)NCC(N)CCc1ccccc1,-22.356691
CC(N)(CO)c1ncccn1,-23.988989
O=C(NNc1ccccn1)NC1CCCCC1,-24.205912
Cc1ccncc1C(N)CSCC(C)C,-21.72899
CCC(CC)c1ncc(N)cn1,-20.041801
C=CC(Oc1cnccc1C)C(=O)OC,-16.278004
Cc1ccnc(CON)c1,-20.666286
CCSCC(C)NCc1cc(C)ccn1,-19.910488
CCCN(CC)c1cccc(NCC)n1,-20.022844
CCC(CC)CC(=O)c1cnccc1C,-16.057123
CN1CCCc2cc(OCCC#N)ccc21,-17.222471
C(=Cc1ccccc1)CNc1cccnc1,-24.038956
N#Cc1cccc(C2CCOCCN2)n1,-22.18725
CC=CC(=O)C(N)Cc1ccccc1,-19.96178
NC12CCCC1CCC2,-19.756176
Cc1ccnc(CNC(C)(C)C)c1,-19.660404
O=C1CCCCC1(O)Cc1ccsc1,-19.066757
CC(=O)NCC1CCCCN1Cc1ccsc1,-20.37789
C=COc1cnccc1C,-16.943409
CCC(CO)N(C)C(=O)c1ccccc1,-18.60712
C=CC(C)(C)CNc1ncccc1C#N,-20.110815
CCC(CC)Nc1ccccc1C(=O)OC,-15.936567
CN1CCC(C=O)c2ccccc21,-16.727234
O=C(O)CNc1ccncn1,-23.988436
O=C(O)CCCCC=Cc1ccccc1,-17.320412
CN(N)C(=O)c1ccc(C#N)cn1,-23.609102
CNc1cncc(N2CCCOCC2)c1,-23.669123
CCC(O)C(C)Nc1cc(C)ccn1,-22.216496
N#CCNC(=O)CCCc1ccccc1,-16.906519
CC#CCC(CSc1ccccc1)NN,-19.181227
CC(C)CC(C)Nc1ccc(C#N)cn1,-20.10815
CC(O)CC(C)c1cncnc1,-20.201149
CCCN(C)Cc1cncnc1,-19.930325
Cc1ccncc1C(CC(C)C)NN,-20.821363
CN(C)Cc1ncc(N)c(O)n1,-24.281761
NC1CC2CC(=O)CC2C1,-21.991417
C=CC(CO)NC(C)c1cnccc1C,-21.50973
Nc1cnncn1,-24.574451
CC(C)CCN(N)c1ccccc1,-17.887897
COCC(C)CC(N)c1cnccc1C,-19.570837
C(=Cc1ccccn1)c1ccccc1,-20.874615
CN(CC(=O)O)c1ccc(C#N)cn1,-21.128418
C=CCCc1cc(C)ccn1,-16.491924
CONCCNc1ncccc1C#N,-21.78273
CC1NC(=O)N(CC(N)=O)C1=O,-24.822536
C#CC(=O)c1ccncn1,-18.158905
COCCOCCOc1cnccc1C,-13.393734
CNC(C)(C)CNCc1cnccc1C,-21.578884
CC(C)N(C)c1ccc(C#N)cn1,-19.725697
CC(O)C=CC=Cc1ccccc1,-21.252153
CCC(N)CNc1ccncn1,-26.813286
N#CCC(=O)Nc1ccc(C#N)cn1,-21.641373
CCNC(=N)c1cc(C)ccn1,-22.269789
CN(C)CCNc1ccncc1C#N,-22.050419
CC(CCO)SCC(O)COCc1ccccc1,-17.74586
CCNc1ncccc1CSC(C)C,-20.567368
C=C(C)CN(C)c1cccc(NCC)n1,-21.769857
CC(C)(O)CNc1ccncc1C#N,-21.427505
C=C1CON(c2ccnc(C#N)c2)C1,-18.085823
O=C(Cc1ccsc1)Nc1cccnc1,-22.99656
C=C1CC(N)C12CCC2,-19.927206
COC(C)(C)CNc1cc(C)ccn1,-18.627522
CCNC(C)(C)C(=O)c1cnccc1C,-20.312172
Cc1ccncc1C#CC(C)N,-21.813663
CCNc1sc2c(c1C#N)CCC2,-21.112503
NC1C(=O)SC12CCC2,-21.63738
CCC=CCNc1ncccn1,-23.019985
CC(C)=CCCNc1ccc(C#N)cn1,-20.936157
CCC(CC)NCc1ccc(C#N)cn1,-19.386044
CC=CC(=O)c1cnccc1C,-18.258446
CC(CC1CCCCC1)NCc1ccncc1,-20.848915
O=C(CCc1ccccc1)c1cccnc1,-18.849052
CCNc1ccc(CN(C)OC)cn1,-21.137774
CC(C)CCCNc1ccc(C#N)cn1,-19.524311
CC(C)(N)COCc1cncc(C#N)c1,-20.335722
Cc1ccncc1C(O)C(C)CCN,-21.86709
CC(C)(C)C(O)c1ncccn1,-19.523912
C=CCCC(N)c1cc(C)ccn1,-21.2838
Cc1ccncc1C(C)(N)CCN(C)C,-22.903545
CCC(CC(=O)OC)Nc1ccccc1,-15.962643
CC(C)CCSc1ccncc1C#N,-16.718685
C=CC=CCCC(O)c1cc(C)ccn1,-21.214705
O=C(CC1CCCCC1)NC1CCCOC1,-19.066471
CCNC(C#N)c1cnccc1C,-21.442114
CCNc1ccc(C(=O)OC)cn1,-20.07064
CCNS(=O)(=O)CC1CCCC1,-16.622807
N#CC1CCC(CCN)C1,-20.740437
N#Cc1cc(N2CCNNCC2)ccn1,-24.282661
COC(=O)c1cccc(C(N)N=O)c1,-17.294014
NC(Cc1ccncn1)C(=O)O,-25.370853
Cc1ccsc1C1(O)CCC2CCCC21,-18.760057
CC(C)SCC(O)(CN)c1ccccc1,-20.450699
CN1CCC(OC2CCC(=O)CC2)CC1,-17.073416
Cc1cnn(CC(N)=O)c(=O)c1,-22.899914
CCSc1ncc(N)cn1,-21.743055
Cc1cscc1C1NCCCCC1O,-21.722353
O=C(CSc1ccccn1)NC1CCCCC1,-21.721216
COCCNc1ccncc1C#N,-19.16133
CC(CC(=O)O)c1ncccn1,-18.618092
CCNC1CCCOC1C#N,-17.168756
CCC(N)C(CC)(CCO)c1ccccc1,-20.369621
CC12CC(CO1)N(CC(N)=O)C2,-19.917189
CC(C)NC(=O)c1ccncn1,-22.202951
CC(CN)C(=O)NCCOCc1ccccc1,-19.219793
O=C(O)C=Cc1ncccn1,-21.370634
CC(C#N)Cc1cccc2c1CCCN2C,-19.104118
Cc1ccnc(CCON)c1,-20.285942
CN(CC1COCCN1)c1ccccc1C#N,-20.971184
NN1CC(=O)NC1=O,-20.272408
CCNC(CCSC)c1cnccc1C,-19.678787
CCC(CN)C(=O)Nc1cnccc1C,-24.120886
CNCC(O)c1cncnc1,-24.491474
CC(=Cc1ccccc1)CCS,-19.808475
CC(C)C(C)OCc1cncc(C#N)c1,-16.52015
Cc1ccncc1CC(N)=O,-22.634417
NC1CCC2CC1CN2,-22.490086
N#CN(Cc1ccccc1)c1ccccn1,-20.253529
CCCC(=O)c1ccncn1,-19.01
C=CCN(CCO)c1ccncc1C#N,-18.551626
COC(=O)c1ccccc1CCC(=O)O,-15.752766
O=C(O)CCSc1ccncn1,-20.847553
Cc1ccccc1OCCN1CCN(C)CC1,-18.804016
CCN(CC(=O)NC)c1ncccc1C#N,-19.908535
CCCCC(CC)COc1ccccc1,-12.26921
CCNc1cccc(NC(C)(CC)CO)n1,-24.882504
Cc1ccncc1C(N)CCN(C)C,-23.184032
CCC(CN)Nc1ccncn1,-25.354713
CCC(C)(C)C(NC)c1cnccc1C,-19.775557
COCCCN(C)c1ccc(C#N)cn1,-16.657915
CCNS(=O)(=O)Cc1cccnc1,-19.471767
COC(=O)c1ccccc1CCN=C=O,-15.748877
CCCSCc1cncc(C#N)c1,-17.91996
C=CCC(=O)Cc1ccccc1,-15.554715
C=CCN(CC)c1cc(C)ccn1,-16.439411
CCNc1ncccc1CN(C)CCO,-23.316927
c1cncc(CCNC2CCCCC2)c1,-20.543903
COC(C)(C)CC=C1CC(N)C1,-18.868523
CN1CCCc2ccccc21,-17.63218
CC(Cc1cccnc1)NC1CCCCC1,-21.480228
CCC(C)(C)c1ncc(N)cn1,-20.437809
C#CCC(CC)NCc1cnccc1C,-18.31771
Nc1cncnc1CO,-23.632141
Cc1ccncc1C(C)C(C)C(=O)O,-17.919954
COC(=O)C(c1cnccc1C)C(C)C,-15.88068
CNCCOc1ncccn1,-19.81582
Cc1ccnc(CNCCOC(C)C)c1,-18.041298
CC(C)(C#N)c1ncccn1,-19.100925
OCCC(c1ccccc1)c1ccncc1,-19.42013
NS(=O)(=O)c1ccccc1C=CC=O,-19.756126
Nc1ccncc1,-20.746794
NC1=CCNC(=O)N1,-23.383411
CCNc1cc(N(C)CC(N)=O)ccn1,-26.674011
CCN(CC)CCN(CC)Cc1ccccc1,-14.623414
CCCOCC(=O)c1cnccc1C,-16.14466
S=C(NCc1cccnc1)NC1CCCCC1,-25.332474
C#CC(C)Oc1ccnc(NCC)c1,-19.675835
COCSc1ccc(C#N)cn1,-17.525805
Cc1ccncc1CCC(=O)O,-19.07124
COC(=O)COC(N)COCc1ccccc1,-17.027079
C=CCCC=C1CCCC1N,-18.372631
CNCCCOc1cncnc1,-20.796751
NC(=O)c1ncc(N)cn1,-26.97445
CCNc1cccc(NCC(C)(O)CC)n1,-23.713732
Cc1ccnc(C(C)NCCC#N)c1,-20.393822
OC1(Cc2ccsc2)CCNC1,-20.94414
CCOCC(C)NC(=O)OCc1ccccc1,-15.059843
CCNc1cc(N(CC)C(C)C)ccn1,-21.040466
Cc1ccnc(NCCC(=O)N(C)C)c1,-22.05845
CC1CCN(Cc2ccsc2)CC1,-19.088633
O=C(COc1cccnc1)NC1CCCCC1,-20.762085
CCCCCCCOc1ccc(C#N)cn1,-14.784826
CCC(CC)=C1CCCCC1N,-17.600914
CCS(=O)(=O)CCNCCc1ccccc1,-17.141544
C#CCOCSc1ncccn1,-17.070692
CCCC(O)CNc1ncccc1C#N,-22.462193
C=CCNCC(=O)Nc1cnccc1C,-22.776869
CCCC(C)OCc1cncc(C#N)c1,-16.08805
Cc1ccnc(CNC(CO)C(C)C)c1,-21.121775
CCN(C)c1ccncc1C#N,-18.289246
COc1nc(SC)ncc1N,-20.44624
NC1CCCCS1(=O)=O,-19.702747
CN(CCO)C(C(N)=O)c1ccccc1,-22.463747
CCOc1ncnc(SC)c1N,-21.38698
CCOCC(N)c1cc(C)ccn1,-21.15149
CC(O)CN(C)c1ccncn1,-22.18802
CCNC1(C#N)CC2C=CC1C2,-19.70171
N#CCC(c1ccccc1)c1ccncc1,-17.998539
O=C(NCCc1ccncc1)NC1CCNC1,-24.85828
NS(=O)(=O)c1ccccc1NCCO,-22.836308
CCCNC(C)CCc1cnccc1C,-18.507584
CCCNC1CCCN(Cc2ccsc2)C1,-19.514025
NC1COCCOC1,-19.570219
CCCCC(O)c1cnccc1C,-18.409515
CN1CCCc2cc(C(=O)NN)ccc21,-22.189367
CNC(=O)CNCc1cncc(C#N)c1,-23.290974
C=C(C)CNCCCN(C)Cc1ccccc1,-17.377361
N#CC=Cc1ccncn1,-20.252264
CCN(CCN)c1ccncn1,-22.66819
CCNC(C)CNc1ncccc1C#N,-23.941046
NN1CCC2(CC1)CC2,-20.164196
Cc1ccnc(OCCCC(C)CN)c1,-19.058687
CON(c1ccncc1C#N)C(C)C,-16.876759
CNCCCCc1ccc2c(c1)CCCN2C,-18.6109
CCNC1(C#N)CC2CCC(C1)S2,-18.546818
COC(=O)c1ccc(C(C)SC)cc1,-15.794621
N#Cc1ncccc1N1CCC(=O)C1,-19.944223
CNCCSCc1cncc(C#N)c1,-21.037525
NC1=NC(=O)C(=CC(=O)O)S1,-21.966852
C=C(CC)CC(C)C(O)c1ccccc1,-14.877215
N#CCC(CN)c1cncnc1,-22.910564
